ten_quan,diem_trung_binh,dia_chi,gio_mo_cua,gia_ca,lat,lon,diem_Không gian,diem_Vị trí,diem_Chất lượng,diem_Phục vụ,diem_Giá cả,avatar_url,url_goc
Hoàng Ty Group - Đặc Sản Trảng Bàng - Mạc Đĩnh Chi,7.7,"38 Mạc Đĩnh Chi, P. Đa Kao, Quận 1, TP. HCM",Đang mở cửa  10:00 - 22:00,8.000đ - 374.000đ,10.7869267000000,106.6972671000000,8.3,7.9,7.8,7.4,7.3,https://down-vn.img.susercontent.com/vn-11134513-7r98o-lsu7vlumyyf8c4@resize_ss576x330,https://www.foody.vn/ho-chi-minh/hoang-ty-group-dac-san-trang-bang-mac-dinh-chi
Hoa Đông Quán - Bún Chả,6.5,"28/6A Tôn Thất Tùng, P. Bến Thành, Quận 1, TP. HCM",Đang mở cửa  06:00 - 23:00,25.000đ - 39.000đ,10.7696100000000,106.6899800000000,6.3,7.4,6.5,5.8,6.4,https://down-vn.img.susercontent.com/vn-11134259-7r98o-lwck4fno7d9518@resize_ss576x330,https://www.foody.vn/ho-chi-minh/hoa-dong-quan-bun-cha
Dì Năm Sa Đéc - Hủ Tiếu (Hủ Tíu) & Bánh Tằm,7.8,"166 Bùi Thị Xuân, P. Phạm Ngũ Lão, Quận 1, TP. HCM",Đang mở cửa  07:00 - 14:00 | 16:00 - 22:00,10.000đ - 45.000đ,10.7681870000000,106.6869170000000,7.8,8.0,8.0,7.8,7.5,https://down-vn.img.susercontent.com/vn-11134259-7r98o-lw8blrf3vpp5c9@resize_ss800x450,https://www.foody.vn/ho-chi-minh/di-nam-sa-dec-hu-tieu-hu-tiu-banh-tam
Cô Tư Cà Mau - Hải Sản Sinh Thái,8.1,"219 Hoàng Sa, P. Tân Định, Quận 1, TP. HCM",Đang mở cửa  00:01 - 01:00 | 11:00 - 23:59,50.000đ - 550.000đ,10.7952601000000,106.6892572000000,8.0,8.0,8.5,8.5,7.5,https://down-vn.img.susercontent.com/vn-11134259-7r98o-lw8bncsjx6mxee@resize_ss800x450,https://www.foody.vn/ho-chi-minh/co-tu-ca-mau-hai-san-sinh-thai
Hoàng Ty Group - Đặc sản Trảng Bàng - Nguyễn Hữu Cầu,6.8,"01 Nguyễn Hữu Cầu, P. Tân Định, Quận 1, TP. HCM",Đang mở cửa  10:00 - 22:00,60.000đ - 110.000đ,10.7916110000000,106.6911830000000,6.8,7.3,7.2,6.4,6.3,https://down-vn.img.susercontent.com/vn-11134513-7r98o-lstpyv76wql581@resize_ss576x330,https://www.foody.vn/ho-chi-minh/hoang-ty-dac-san-trang-bang-nguyen-huu-cau
Bún Mắm Miền Tây - Trần Quang Khải,8.6,"78 Trần Quang Khải, P. Tân Định, Quận 1, TP. HCM",Đang mở cửa  17:00 - 23:59,10.000đ - 50.000đ,10.7922970000000,106.6934000000000,8.0,5.0,10.0,10.0,10.0,https://down-vn.img.susercontent.com/vn-11134513-7r98o-lsu80stdbxqx27@resize_ss576x330,https://www.foody.vn/ho-chi-minh/bun-mam-mien-tay-tran-quang-khai
Cô Năm - Bánh Xèo Miền Tây,6.9,"391/3 Trần Hưng Đạo, P. Cầu Kho, Quận 1, TP. HCM",Đang mở cửa  14:00 - 22:00,20.000đ - 50.000đ,10.7596814000000,106.6888887000000,6.0,6.9,7.1,6.6,7.6,https://down-vn.img.susercontent.com/vn-11134513-7r98o-lstwl3a2uricc4@resize_ss576x330,https://www.foody.vn/ho-chi-minh/co-nam-banh-xeo-mien-tay
Bếp Cô Ba Gia Lai - Bánh Hỏi Cháo Lòng,9.3,"115/29 Trần Đình Xu, P. Nguyễn Cư Trinh, Quận 1, TP. HCM",Đang mở cửa  11:00 - 18:00,Đang cập nhật,10.7622997000000,106.6881980000000,8.9,9.3,9.6,9.2,9.3,https://down-vn.img.susercontent.com/vn-11134513-7r98o-lsvehr97dwhw1c@resize_ss576x330,https://www.foody.vn/ho-chi-minh/bep-co-ba-gia-lai-banh-hoi-chao-long
Anh Siêu - Ốc & Hải Sản - 1A/1B Nguyễn Đình Chiểu,1.8,"Lô A1/001 Chung Cư 1A/1B Nguyễn Đình Chiểu, Quận 1, TP. HCM",Đang mở cửa  09:00 - 23:59,Đang cập nhật,10.7918591000000,106.7032990000000,2.0,3.0,1.0,1.0,2.0,https://down-vn.img.susercontent.com/vn-11134513-7r98o-lsvgt6nk9xac1c@resize_ss576x330,https://www.foody.vn/ho-chi-minh/anh-sieu-oc-hai-san-1a-1b-nguyen-dinh-chieu
Dì Bấu QUÁN - Bún Thịt Nướng & Bún Chả Giò - 370/16 Võ Văn Kiệt,9.4,"370/16 Võ Văn Kiệt, P. Cô Giang, Quận 1, TP. HCM",Chưa mở cửa  10:00 - 17:00,Đang cập nhật,10.7604385000000,106.6942642000000,9.0,8.0,10.0,10.0,10.0,https://down-vn.img.susercontent.com/vn-11134513-7r98o-lsvf7smpnfrt73@resize_ss576x330,https://www.foody.vn/ho-chi-minh/di-bau-quan-bun-thit-nuong-bun-cha-gio-370-16-vo-van-kiet.l3d1ao
Bánh Cuốn Tây Hồ - Đinh Tiên Hoàng,5.9,"127 Đinh Tiên Hoàng, P. Đa Kao, Quận 1, TP. HCM",Đang mở cửa  07:00 - 23:00,30.000đ - 55.000đ,10.7907110000000,106.6970510000000,5.7,6.5,6.2,5.7,5.4,https://down-vn.img.susercontent.com/vn-11134513-7r98o-lstpoed4d1hg9e@resize_ss576x330,https://www.foody.vn/ho-chi-minh/banh-cuon-tay-ho-dinh-tien-hoang
Bún Chả Hà Nội 26,6.6,"8A/9C2 Thái Văn Lung, Quận 1, TP. HCM",Đang mở cửa  07:00 - 20:30,30.000đ - 44.000đ,10.7792450000000,106.7050440000000,6.3,6.5,6.6,6.6,6.8,https://down-vn.img.susercontent.com/vn-11134513-7r98o-lstq6ajlokw4c5@resize_ss576x330,https://www.foody.vn/ho-chi-minh/bun-cha-ha-noi-26
Quán Thúy 94 - Miến Cua,6.3,"84 Đinh Tiên Hoàng, P. Đa Kao, Quận 1, TP. HCM",Đang mở cửa  10:00 - 23:00,60.000đ - 110.000đ,10.7901410000000,106.6979310000000,5.7,7.0,6.9,5.9,5.8,https://down-vn.img.susercontent.com/vn-11134513-7r98o-lstpo1l328xwcb@resize_ss576x330,https://www.foody.vn/ho-chi-minh/mien-cua-94
Bún Đậu Homemade - Nguyễn Văn Tráng,7.0,"1 Nguyễn Văn Tráng, Quận 1, TP. HCM",Đang mở cửa  10:00 - 20:30,25.000đ - 100.000đ,10.7697638000000,106.6922733000000,7.2,7.6,7.1,6.4,6.6,https://down-vn.img.susercontent.com/vn-11134259-7r98o-lxjguk9pf4rdb5,https://www.foody.vn/ho-chi-minh/bun-dau-homemade-nguyen-van-trang
Miến Cua 94 - Chính Gốc,6.0,"94 Đinh Tiên Hoàng, P. Đa Kao, Quận 1, TP. HCM",Đang mở cửa  10:00 - 23:00,50.000đ - 110.000đ,10.7903090000000,106.6976420000000,5.6,6.7,6.4,6.0,5.4,https://down-vn.img.susercontent.com/vn-11134259-7r98o-lwb3cb7pwgyh14@resize_ss576x330,https://www.foody.vn/ho-chi-minh/mien-cua-94-chinh-goc
Bún Đậu Cô Khàn - Món Bắc Bình Dân,5.9,"102 Cống Quỳnh, P. Bến Thành, Quận 1, TP. HCM",Đang mở cửa  10:00 - 21:00,60.000đ - 110.000đ,10.7651342000000,106.6910200000000,5.4,6.0,6.4,5.7,5.8,https://down-vn.img.susercontent.com/vn-11134513-7ras8-mbtc20wg6xrm97@resize_ss576x330,https://www.foody.vn/ho-chi-minh/bun-dau-co-khan
Bún Đậu A Vừng - Lương Hữu Khánh,6.5,"6AB Lương Hữu Khánh, P. Phạm Ngũ Lão, Quận 1, TP. HCM",Đang mở cửa  10:00 - 22:00,25.000đ - 50.000đ,10.7694000000000,106.6867190000000,6.4,6.9,6.7,6.2,6.5,https://down-vn.img.susercontent.com/vn-11134513-7r98o-lstqbo58ddc4a8@resize_ss576x330,https://www.foody.vn/ho-chi-minh/bun-dau-a-vung-luong-huu-khanh
Sơn Nga Phở Gà - Nguyễn Đình Chiểu,6.1,"48 Nguyễn Đình Chiểu, P. Đa Kao, Quận 1, TP. HCM",Đang mở cửa  05:30 - 21:00,30.000đ - 55.000đ,10.7899700000000,106.7009140000000,5.7,6.8,6.1,5.2,6.6,https://down-vn.img.susercontent.com/vn-11134513-7r98o-lstpvgz5t21lf0@resize_ss576x330,https://www.foody.vn/ho-chi-minh/mien-ga-son-nga
Thúy Mùi - Bún Chả Hà Nội,9.3,"114 Nguyễn Công Trứ, P. Nguyễn Thái Bình, Quận 1, TP. HCM",Chưa mở cửa  06:30 - 16:30,12.000đ - 60.000đ,10.7692850000000,106.7022200000000,8.0,9.3,10.0,9.7,9.3,https://down-vn.img.susercontent.com/vn-11134259-7r98o-lw9v6b5lu2mzc6@resize_ss576x330,https://www.foody.vn/ho-chi-minh/thuy-mui-bun-cha-ha-noi
Bún Thịt Nướng Chả Giò Bà Thêm,7.4,"Hẻm 88 Nguyễn Huệ, P. Bến Nghé, Quận 1, TP. HCM",Chưa mở cửa  08:00 - 16:00,32.000đ - 35.000đ,10.7751985000000,106.7026962000000,7.1,6.8,7.7,7.3,8.1,https://down-vn.img.susercontent.com/vn-11134259-7r98o-lwhy4j1onzyzc3@resize_ss576x330,https://www.foody.vn/ho-chi-minh/bun-thit-nuong-cha-gio-ba-them
Phở Hà Nội - Lê Lai,8.6,"96 Lê Lai, P. Bến Thành, Quận 1, TP. HCM",Đang mở cửa  07:00 - 20:30,10.000đ - 50.000đ,10.7702343000000,106.6935150000000,9.5,8.5,8.5,9.0,7.5,https://down-vn.img.susercontent.com/vn-11134513-7r98o-lw9otg6ggna37c@resize_ss576x330,https://www.foody.vn/ho-chi-minh/pho-ha-noi-le-lai
Bánh Cuốn Bắc - Bánh Cuốn Hải Phòng,6.5,"21A Bùi Thị Xuân, P. Bến Thành, Quận 1, TP. HCM",Đang mở cửa  06:00 - 20:00,30.000đ - 60.000đ,10.7715690000000,106.6902660000000,6.4,7.1,6.6,6.5,6.0,https://down-vn.img.susercontent.com/vn-11134513-7r98o-lsts9l354qmcea@resize_ss576x330,https://www.foody.vn/ho-chi-minh/banh-cuon-bac
Bún Đậu 46 - 60 Cao Bá Nhạ,7.2,"60 Cao Bá Nhạ, P. Nguyễn Cư Trinh, Quận 1, TP. HCM",Đang mở cửa  10:00 - 21:00,50.000đ - 100.000đ,10.7620440000000,106.6895930000000,6.7,7.3,7.6,6.7,7.4,https://down-vn.img.susercontent.com/vn-11134513-7r98o-lsttrwuv3kbdce@resize_ss576x330,https://www.foody.vn/ho-chi-minh/bun-dau-46-60-cao-ba-nha
Con Ốc Quán - Ẩm Thực Việt,7.6,"150/39 Nguyễn Trãi, P. Bến Thành, Quận 1, TP. HCM",Đang mở cửa  07:00 - 22:00,40.000đ - 200.000đ,10.7701920000000,106.6897790000000,7.8,7.8,7.8,7.6,7.1,https://down-vn.img.susercontent.com/vn-11134259-7r98o-lw9e69f9eztn41@resize_ss576x330,https://www.foody.vn/ho-chi-minh/con-oc-quan-am-thuc-viet
Quán Ăn Thanh Bình - Lê Thánh Tôn,7.3,"140 Lê Thánh Tôn, P. Bến Thành, Quận 1, TP. HCM",Đang mở cửa  09:00 - 22:00,30.000đ - 120.000đ,10.7736221000000,106.6981184000000,6.9,8.0,7.6,7.5,6.7,https://down-vn.img.susercontent.com/vn-11134513-7r98o-lstsmiqfposk1d@resize_ss576x330,https://www.foody.vn/ho-chi-minh/quan-an-thanh-binh-le-thanh-ton
Hà Nội Gốc - Bún Chả - Nguyễn Thị Minh Khai,4.2,"173/1C Nguyễn Thị Minh Khai, P. Phạm Ngũ Lão, Quận 1, TP. HCM",Đang mở cửa  08:00 - 22:00,Đang cập nhật,10.7703314000000,106.6866137000000,5.0,5.0,1.0,5.0,5.0,https://down-vn.img.susercontent.com/vn-11134513-7r98o-lsve5rapi6554d@resize_ss576x330,https://www.foody.vn/ho-chi-minh/ha-noi-goc-bun-cha-nguyen-thi-minh-khai.ah2zw0
Rau Kinh Giới - Ẩm Thực Bắc,7.7,"46/6 Phạm Hồng Thái, P. Bến Thành, Quận 1, TP. HCM",Đang mở cửa  10:00 - 22:00,30.000đ - 80.000đ,10.7717283000000,106.6946001000000,7.9,7.3,8.0,8.1,7.4,https://down-vn.img.susercontent.com/vn-11134259-7r98o-lwfz4s3fqk0p83@resize_ss576x330,https://www.foody.vn/ho-chi-minh/rau-kinh-gioi-am-thuc-bac
Bún Chả Ngọc Hà - Trần Khắc Chân,7.1,"22C Trần Khắc Chân, Quận 1, TP. HCM",Đang mở cửa  09:00 - 21:00,3.000đ - 50.000đ,10.7927470000000,106.6913918999999,6.7,7.5,7.5,6.2,7.6,https://down-vn.img.susercontent.com/vn-11134259-7r98o-lwi5dx28adazcd@resize_ss576x330,https://www.foody.vn/ho-chi-minh/bun-cha-ngoc-ha-tran-khac-chan
Bún Riêu Ốc Thanh Hà Nội,6.4,"175 Hàm Nghi, P. Nguyễn Thái Bình, Quận 1, TP. HCM",Chưa mở cửa  06:00 - 11:00,35.000đ - 35.000đ,10.7708490804966,106.6994957012034,6.0,6.0,6.0,7.0,7.0,https://down-vn.img.susercontent.com/vn-11134259-7r98o-lwazj9ub7t958b@resize_ss576x330,https://www.foody.vn/ho-chi-minh/bun-rieu-oc-thanh-ha-noi
"Hà Nội Quán - Bún Chả, Bún Đậu & Bún Giả Cầy - Trương Định",5.0,"86 Trương Định, P. Bến Thành, Quận 1, TP. HCM",Đang mở cửa  07:00 - 22:00,Đang cập nhật,10.7733054000000,106.6951494000000,5.0,5.0,5.0,5.0,5.0,https://down-vn.img.susercontent.com/vn-11134259-7r98o-lwgv44zu93a10f@resize_ss576x330,https://www.foody.vn/ho-chi-minh/ha-noi-quan-bun-cha-bun-dau-bun-gia-cay-truong-dinh.nmzmfd
Xôi Thịt Phố Cổ - Quán Ăn - Nguyễn Công Trứ,9.0,"228 Nguyễn Công Trứ, P. Nguyễn Thái Bình, Quận 1, TP. HCM",Đang mở cửa  07:00 - 14:00 | 16:00 - 20:30,Đang cập nhật,10.7681800000000,106.7002590000000,8.0,10.0,8.0,9.0,10.0,https://down-vn.img.susercontent.com/vn-11134513-7r98o-lvl3tixphxjw9c@resize_ss576x330,https://www.foody.vn/ho-chi-minh/xoi-thit-pho-co-quan-an-nguyen-cong-tru
Lẩu Dấm Bỗng - Nguyễn Thị Minh Khai,6.9,"7G Nguyễn Thị Minh Khai, P. Bến Nghé, Quận 1, TP. HCM",Đang mở cửa  11:00 - 22:00,10.000đ - 259.000đ,10.7874960000000,106.7028330000000,7.1,7.2,7.3,6.4,6.5,https://down-vn.img.susercontent.com/vn-11134259-7r98o-lw7gyjvwtz2xc3@resize_ss576x330,https://www.foody.vn/ho-chi-minh/lau-dam-bong-nguyen-thi-minh-khai
Bún Chả Bà Bính - Nguyễn Trung Ngạn,6.5,"5/4 Nguyễn Trung Ngạn, P. Bến Nghé, Quận 1, TP. HCM",Đang mở cửa  07:00 - 22:00,50.000đ - 60.000đ,10.7836425000000,106.7052075000000,5.5,6.6,7.0,6.6,6.8,https://down-vn.img.susercontent.com/vn-11134513-7r98o-lsty50hgrt8k2d@resize_ss576x330,https://www.foody.vn/ho-chi-minh/bun-cha-ba-binh-nguyen-trung-ngan
Bún Đậu Khu Kim Liên,6.9,"46 Calmette, P. Nguyễn Thái Bình, Quận 1, TP. HCM",Đang mở cửa  10:30 - 21:30,30.000đ - 55.000đ,10.7671920000000,106.7000590000000,7.0,7.1,7.0,6.6,6.9,https://down-vn.img.susercontent.com/vn-11134259-7r98o-lxjguk9pf4rdb5,https://www.foody.vn/ho-chi-minh/bun-dau-kim-lien
Lá Chanh Thuần Vị Bắc - Nguyễn Thị Minh Khai,6.2,"12Q Nguyễn Thị Minh Khai, P. Đa Kao, Quận 1, TP. HCM",Đang mở cửa  07:30 - 22:00,25.000đ - 400.000đ,10.7881210000000,106.7027420000000,6.5,6.2,6.4,6.3,5.8,https://down-vn.img.susercontent.com/vn-11134513-7r98o-lsu1xm0yjno900@resize_ss576x330,https://www.foody.vn/ho-chi-minh/la-chanh-thuan-vi-bac
Đặc Sản Hà Nội,7.8,"54 Đinh Tiên Hoàng, P. Đa Kao, Quận 1, TP. HCM",Đang mở cửa  08:00 - 22:00,25.000đ - 77.000đ,10.7896450000000,106.6983390000000,8.0,8.2,7.6,7.4,7.8,https://down-vn.img.susercontent.com/vn-11134259-7r98o-lw8wsjpj40d7ba@resize_ss576x330,https://www.foody.vn/ho-chi-minh/dac-san-ha-noi
Cô Nguyệt - Bún Đậu Mắm Tôm,8.2,"43 Đinh Tiên Hoàng, P. Đa Kao, Quận 1, TP. HCM",Đang mở cửa  08:00 - 21:00,25.000đ - 55.000đ,10.7890090000000,106.6988750000000,7.9,8.2,8.2,8.2,8.4,https://down-vn.img.susercontent.com/vn-11134259-7r98o-lwad6qiplyhl4f@resize_ss576x330,https://www.foody.vn/ho-chi-minh/co-nguyet-bun-dau-mam-tom
Quán Phủi - Ăn Vặt Hà Nội,6.5,"120 Cống Quỳnh, P. Phạm Ngũ Lão, Quận 1, TP. HCM",Đang mở cửa  10:00 - 23:00,35.000đ - 250.000đ,10.7653220000000,106.6903750000000,6.4,6.6,7.0,7.0,5.7,https://down-vn.img.susercontent.com/vn-11134259-7r98o-lwbxaemy310b60@resize_ss576x330,https://www.foody.vn/ho-chi-minh/quan-phui-an-vat-ha-noi
"H2 Quán - Bún Chả, Bún Nem & Bún Đậu",9.3,"35 Cô Bắc, P. Cầu Ông Lãnh, Quận 1, TP. HCM",Đang mở cửa  10:30 - 20:00,8.000đ - 45.000đ,10.7653120000000,106.6954180000000,8.3,9.3,10.0,10.0,9.0,https://down-vn.img.susercontent.com/vn-11134259-7r98o-lwhy31x4eswr71@resize_ss576x330,https://www.foody.vn/ho-chi-minh/h2-quan-bun-cha-bun-nem-bun-dau
Bún Bò Huế 18 - Cao Bá Nhạ,7.2,"18 Cao Bá Nhạ, P. Nguyễn Cư Trinh, Quận 1, TP. HCM",Đang mở cửa  08:00 - 12:00 | 16:00 - 22:00,40.000đ - 60.000đ,10.7630616000000,106.6902565000000,6.4,7.5,7.5,7.1,7.8,https://down-vn.img.susercontent.com/vn-11134259-7r98o-lwblnrp6hyajea@resize_ss576x330,https://www.foody.vn/ho-chi-minh/bun-bo-hue-18-cao-ba-nha
Hồng Hạnh - Bánh Cuốn & Món Huế,6.1,"17A Nguyễn Thị Minh Khai, P. Bến Nghé, Quận 1, TP. HCM",Đang mở cửa  06:00 - 23:00,25.000đ - 77.000đ,10.7850190000000,106.7006300000000,5.8,7.0,6.2,5.6,6.1,https://down-vn.img.susercontent.com/vn-11134513-7r98o-lstpvpnb2v2c8d@resize_ss576x330,https://www.foody.vn/ho-chi-minh/hong-hanh-banh-cuon-mon-hue
Hue Delights 1 - Ẩm Thực Huế - Vincom Center,5.7,"Tầng Hầm 3,  Tầng B3 - Lô 19A, Vincom Center, 72 Lê Thánh Tôn, P. Bến Nghé, Quận 1, TP. HCM",Đang mở cửa  09:30 - 22:00,45.000đ - 390.000đ,10.7781850000000,106.7019070000000,6.1,6.1,5.7,5.3,5.4,https://down-vn.img.susercontent.com/vn-11134259-7r98o-lwc2myeq8iqhb5@resize_ss576x330,https://www.foody.vn/ho-chi-minh/hue-delights-1-vincom-center
Bún Bò Huế Đông Ba - Since 1998,5.6,"207B Nguyễn Văn Thủ, P. Đa Kao, Quận 1, TP. HCM",Đang mở cửa  06:00 - 22:30,38.000đ - 55.000đ,10.7871040000000,106.6964010000000,5.7,6.5,5.8,4.9,5.3,https://down-vn.img.susercontent.com/vn-11134513-7r98o-lstpoh6e8u6cb8@resize_ss576x330,https://www.foody.vn/ho-chi-minh/bun-bo-hue-dong-ba-since-1998
Bánh Bèo Huế - Chợ Bến Thành,7.5,"Sạp 1170, Hướng Tây Cửa Số 7 Chợ Bến Thành, Quận 1, TP. HCM",Chưa mở cửa  06:30 - 17:00,20.000đ - 50.000đ,10.7718988000000,106.6981873000000,6.6,7.6,8.2,7.3,8.0,https://down-vn.img.susercontent.com/vn-11134513-7r98o-lstsehnar9vo19@resize_ss576x330,https://www.foody.vn/ho-chi-minh/banh-beo-hue-cho-ben-thanh
Bún Bò Huế 31,6.6,"31 Mạc Đĩnh Chi, Quận 1, TP. HCM",Chưa mở cửa  06:00 - 14:00,25.000đ - 39.000đ,10.7849190000000,106.6991810000000,5.9,7.2,6.5,6.5,6.7,https://down-vn.img.susercontent.com/vn-11134259-7r98o-lwc9pnwpqtw9f5@resize_ss576x330,https://www.foody.vn/ho-chi-minh/bun-bo-hue-31
Bún Bò Cô Phương - Chợ Đa Kao,7.4,"Sạp 38 Trương Hán Siêu, Quận 1, TP. HCM",Chưa mở cửa  06:00 - 13:00,27.000đ - 35.000đ,10.7919103000000,106.6966572000000,5.5,6.0,8.5,8.5,8.5,https://down-vn.img.susercontent.com/vn-11134259-7r98o-lw9dtiu4xkgr22@resize_ss576x330,https://www.foody.vn/ho-chi-minh/bun-bo-cho-dakao
Quán Ăn Huế O Xuân,6.6,"22 Nguyễn Hữu Cầu, P. Tân Định, Quận 1, TP. HCM",Đang mở cửa  08:00 - 22:00,15.000đ - 44.000đ,10.7914370000000,106.6914510000000,6.1,7.1,6.6,6.5,6.9,https://down-vn.img.susercontent.com/vn-11134513-7r98o-lstpwmdz60ucad@resize_ss576x330,https://www.foody.vn/ho-chi-minh/quan-an-hue-o-xuan-2
Ơ Thương - Món Việt - Hàm Nghi,7.2,"111 Hàm Nghi, P. Nguyễn Thái Bình, Quận 1, TP. HCM",Đang mở cửa  06:30 - 22:30,50.000đ - 100.000đ,10.7707900000000,106.7008030000000,7.5,7.5,7.4,6.9,6.9,https://down-vn.img.susercontent.com/vn-11134259-7r98o-lw8blrm1myu162@resize_ss800x450,https://www.foody.vn/ho-chi-minh/o-thuong-mon-viet-ham-nghi
Bếp - Món Ngon Xứ Quảng,1.8,"73 Bis Hàm Nghi, P. Nguyễn Thái Bình, Quận 1, TP. HCM",Đang mở cửa  09:30 - 21:30,25.000đ - 70.000đ,10.7705380000000,106.7038853000000,2.0,2.0,1.0,3.0,1.0,https://down-vn.img.susercontent.com/vn-11134513-7r98o-lsv2fmhy6gt57e@resize_ss576x330,https://www.foody.vn/ho-chi-minh/bep-mon-ngon-xu-quang
Bún Bò Bùi Thị Xuân,6.0,"262 Bis Cống Quỳnh (Ngã 3 Bùi Thị Xuân), Quận 1, TP. HCM",Đang mở cửa  15:00 - 21:00,45.000đ - 60.000đ,10.7676910000000,106.6864730000000,5.7,6.6,6.0,6.0,5.7,https://down-vn.img.susercontent.com/vn-11134513-7r98o-lt29v2hgxyft79@resize_ss576x330,https://www.foody.vn/ho-chi-minh/bun-bo-bui-thi-xuan
Chụyy Quán - Món Ngon Vị Miền Trung,7.8,"6/33 Cách Mạng Tháng 8, P. Bến Thành, Quận 1, TP. HCM",Đang mở cửa  09:00 - 14:00 | 16:00 - 21:00,5.000đ - 68.000đ,10.7723033000000,106.6936634000000,8.0,7.4,7.7,8.1,7.6,https://down-vn.img.susercontent.com/vn-11134259-7r98o-lw8bm2jhlsyh66@resize_ss800x450,https://www.foody.vn/ho-chi-minh/chuyy-quan-mon-quang
Ăn Là Ghiền - Mì Quảng & Cơm Gà Hội An - Nguyễn Thị Minh Khai,5.8,"15A Nguyễn Thị Minh Khai, P. Bến Nghé, Quận 1, TP. HCM",Đang mở cửa  06:00 - 22:00,35.000đ - 50.000đ,10.7860340000000,106.7010750000000,5.6,7.0,5.6,5.7,5.5,https://down-vn.img.susercontent.com/vn-11134513-7r98o-lstw9oxbcwwpea@resize_ss576x330,https://www.foody.vn/ho-chi-minh/an-la-ghien-mi-quang-com-ga-hoi-an-nguyen-thi-minh-khai
Hùng Mập - Bún Mọc & Bún Bò Huế,7.3,"201 Nguyễn Trãi, P. Nguyễn Cư Trinh, Quận 1, TP. HCM",Đang mở cửa  06:00 - 21:30,40.000đ - 70.000đ,10.7661375000000,106.6880316000000,7.1,8.0,7.2,7.4,6.9,https://down-vn.img.susercontent.com/vn-11134259-7r98o-lw8blr54abq3fb@resize_ss800x450,https://www.foody.vn/ho-chi-minh/hung-map-bun-moc-bun-bo-hue
Bếp Huế - Authentic Vietnamese Restaurant,7.2,"89 Thạch Thị Thanh, P. Tân Định, Quận 1, TP. HCM",Đang mở cửa  08:00 - 21:00,20.000đ - 100.000đ,10.7907490000000,106.6915050000000,7.2,7.1,7.2,7.2,7.1,https://down-vn.img.susercontent.com/vn-11134513-7r98o-lstxy6zy0gbdbb@resize_ss576x330,https://www.foody.vn/ho-chi-minh/bep-hue
Thủy Mộc Quán - Ẩm Thực Miền Trung - Bùi Thị Xuân,7.2,"166 Bùi Thị Xuân, Quận 1, TP. HCM",Đang mở cửa  09:30 - 21:00,10.000đ - 89.000đ,10.7679760000000,106.6866550000000,7.3,7.3,7.4,6.9,6.9,https://down-vn.img.susercontent.com/vn-11134259-7r98o-lw8ekfszzaaj65@resize_ss576x330,https://www.foody.vn/ho-chi-minh/thuy-moc
Bún Bò Sụn - Trần Khắc Chân,8.1,"53 Trần Khắc Chân, P. Tân Định, Quận 1, TP. HCM",Đang cập nhật,35.000đ - 35.000đ,10.7937946000000,106.6910660000000,7.1,8.0,8.4,8.7,8.4,https://down-vn.img.susercontent.com/vn-11134259-7r98o-lw9n4hf486hl09@resize_ss576x330,https://www.foody.vn/ho-chi-minh/bun-bo-sun-tran-khac-chan
Bún Cá Nha Trang - Nguyễn Du,4.2,"86 Nguyễn Du, P. Bến Nghé, Quận 1, TP. HCM",Đang mở cửa  07:00 - 21:00,25.000đ - 35.000đ,10.7783040000000,106.6989550000000,4.3,4.3,4.5,4.3,3.5,https://down-vn.img.susercontent.com/vn-11134259-7r98o-lw981u01zh0be0@resize_ss576x330,https://www.foody.vn/ho-chi-minh/bun-ca-nha-trang-nguyen-du
O Hồng - Bún Bắp Bò - Nguyễn Văn Thủ,6.4,"177 Nguyễn Văn Thủ, P. Đa Kao, Quận 1, TP. HCM",Chưa mở cửa  06:00 - 13:30,25.000đ - 40.000đ,10.7879347000000,106.6971781000000,6.2,6.7,6.3,6.3,6.5,https://down-vn.img.susercontent.com/vn-11134513-7r98o-lstxnjkx3ic931@resize_ss576x330,https://www.foody.vn/ho-chi-minh/o-hong-bun-bap-bo-nguyen-van-thu
Hue Delights 3 - Ẩm Thực Huế - TTTM Takashimaya,6.8,"Tầng Hầm 2,  Tầng B2 - Lô 15, TTTM Takashimaya, 92 - 94 Nam Kỳ Khởi Nghĩa, P. Bến Nghé, Quận 1, TP. HCM",Đang mở cửa  09:30 - 22:00,45.000đ - 390.000đ,10.7732410000000,106.7004080000000,6.9,6.6,7.6,6.8,6.1,https://down-vn.img.susercontent.com/vn-11134259-7r98o-lw7lpyr0fxeh7d@resize_ss576x330,https://www.foody.vn/ho-chi-minh/hue-delights-3-tttm-takashimaya
Authentic Hội An Cuisine,7.1,"Tầng 1-2, 185 Đề Thám, P. Phạm Ngũ Lão, Quận 1, TP. HCM",Đang mở cửa  10:00 - 23:00,50.000đ - 100.000đ,10.7673650000000,106.6939640000000,7.2,7.6,6.9,7.2,6.6,https://down-vn.img.susercontent.com/vn-11134259-7r98o-lwff9cm7stehc5@resize_ss576x330,https://www.foody.vn/ho-chi-minh/authentic-hoi-an-cuisine
Cô Ba Thảo - Bánh Canh & Bún Chả Cá Nha Trang,9.2,"27B Thạch Thị Thanh, P. Tân Định, Quận 1, TP. HCM",Đang mở cửa  07:00 - 22:00,Đang cập nhật,10.7902282000000,106.6925924000000,9.0,9.0,10.0,9.0,9.0,https://down-vn.img.susercontent.com/vn-11134513-7r98o-lsve4tp8o2vt71@resize_ss576x330,https://www.foody.vn/ho-chi-minh/co-ba-thao-banh-canh-bun-cha-ca-nha-trang
"Nâu Sài Gòn - Bánh Hỏi, Bún Thịt Nướng & Bánh Ướt - Nguyễn Công Trứ",8.4,"158/13 Nguyễn Công Trứ, P. Bến Nghé, Quận 1, TP. HCM",Đang mở cửa  08:00 - 19:00,35.000đ - 35.000đ,10.7691315000000,106.7010372000000,8.1,8.0,8.8,8.9,8.5,https://down-vn.img.susercontent.com/vn-11134513-7r98o-lsu5pnw3442hbe@resize_ss576x330,https://www.foody.vn/ho-chi-minh/nau-sai-gon-banh-hoi-bun-thit-nuong-banh-uot-nguyen-cong-tru
Chạn Bếp - Đặc Sản Miền Trung,9.1,"4 Nguyễn Thị Minh Khai, P. Đa Kao, Quận 1, TP. HCM",Đang mở cửa  09:00 - 21:00,6.000đ - 1.200.000đ,10.7892807000000,106.7038167000000,9.3,9.7,9.0,9.3,8.0,https://down-vn.img.susercontent.com/vn-11134513-7r98o-lsu8frvsgzpgba@resize_ss576x330,https://www.foody.vn/ho-chi-minh/chan-bep-dac-san-mien-trung-
Bà Dzũ - Bún Bò May Đà Nẵng,7.8,"53/70 Trần Khánh Dư, P. Tân Định, Quận 1, TP. HCM",Đang mở cửa  08:30 - 20:30,35.000đ - 50.000đ,10.7937791000000,106.6912940000000,7.3,7.7,7.8,8.2,7.9,https://down-vn.img.susercontent.com/vn-11134513-7ras8-m282ixunoxx07e@resize_ss576x330,https://www.foody.vn/ho-chi-minh/ba-dzu-bun-bo-may-da-nang
Bún Bò Thím Út,8.2,"230 Đề Thám, P. Phạm Ngũ Lão, Quận 1, TP. HCM",Chưa mở cửa  07:00 - 18:00,30.000đ - 30.000đ,10.7677487000000,106.6938335000000,7.7,8.4,8.4,8.4,8.1,https://down-vn.img.susercontent.com/vn-11134513-7r98o-lsu59i4skb0kce@resize_ss576x330,https://www.foody.vn/ho-chi-minh/bun-bo-thim-ut
Mì Quảng FAIFO,7.8,"35/9B Trần Đình Xu, P. Cầu Kho, Quận 1, TP. HCM",Đang mở cửa  07:30 - 21:00,30.000đ - 80.000đ,10.7599829368628,106.6907080203301,8.0,8.0,8.0,9.0,6.0,https://down-vn.img.susercontent.com/vn-11134259-7r98o-lw9hllh00s7t19@resize_ss576x330,https://www.foody.vn/ho-chi-minh/mi-quang-faifo
Mì Quảng Mỹ Sơn - Đinh Tiên Hoàng,6.0,"38B Đinh Tiên Hoàng, P. Đa Kao, Quận 1, TP. HCM",Đang mở cửa  06:30 - 22:00,30.000đ - 55.000đ,10.7893815000000,106.6986368000000,6.5,7.0,5.6,5.7,5.2,https://down-vn.img.susercontent.com/vn-11134513-7r98o-lstpx2vh1iftd9@resize_ss576x330,https://www.foody.vn/ho-chi-minh/mi-quang-my-son-dinh-tien-hoang
Cơm Niêu Phương Nam - Cơm Văn Phòng,8.6,"RS2 - SH.02 Chung Cư RichStar 1, P. Hiệp Tân, Quận Tân Phú, TP. HCM",Đang mở cửa  07:00 - 20:00,19.000đ - 39.000đ,10.7735372000000,106.6263927000000,8.6,8.6,8.5,8.6,8.5,https://down-vn.img.susercontent.com/vn-11134259-7r98o-lw8wkboy980p03@resize_ss576x330,https://www.foody.vn/ho-chi-minh/com-nieu-phuong-nam-com-van-phong
Cơm Niêu Thiên Lý - Nguyễn Đình Chiểu,7.7,"16 Nguyễn Đình Chiểu, P. Đa Kao, Quận 1, TP. HCM",Đang mở cửa  10:00 - 14:30 | 16:00 - 21:30,20.000đ - 100.000đ,10.7908996000000,106.7017776000000,7.6,7.7,8.0,7.6,7.4,https://down-vn.img.susercontent.com/vn-11134513-7r98o-lwle18pwzaah75@resize_ss576x330,https://www.foody.vn/ho-chi-minh/com-nieu-thien-ly-nguyen-dinh-chieu
Cơm Niêu Thiên Lý - Cửu Long,6.9,"87A Cửu Long, P. 15, Quận 10, TP. HCM",Đang mở cửa  10:00 - 14:30 | 16:00 - 21:30,25.000đ - 100.000đ,10.7826830000000,106.6616360000000,6.5,7.2,7.2,6.8,6.9,https://down-vn.img.susercontent.com/vn-11134259-7r98o-lwz95t9b7e1n81@resize_ss576x330,https://www.foody.vn/ho-chi-minh/com-nieu-thien-ly-cuu-long
Cơm Niêu Thiên Lý - Hoàng Hoa Thám,6.9,"134C Hoàng Hoa Thám, P. 12, Quận Tân Bình, TP. HCM",Đang mở cửa  10:00 - 14:30 | 16:00 - 21:30,25.000đ - 100.000đ,10.8011210000000,106.6475330000000,6.9,6.8,6.9,6.9,6.8,https://down-vn.img.susercontent.com/vn-11134513-7r98o-lwldyt3z6oyh57@resize_ss576x330,https://www.foody.vn/ho-chi-minh/com-nieu-thien-ly-hoang-hoa-tham
Quán Ăn 1976 - Món Ngon Vị Bắc - Đường Số 20,6.5,"2 Đường Số 20 Trần Não, Quận 2, TP. HCM",Đang mở cửa  07:00 - 11:00 | 13:30 - 22:00,10.000đ - 100.000đ,10.7966810000000,106.7308050000000,7.3,6.9,6.4,6.1,5.6,https://down-vn.img.susercontent.com/vn-11134259-7r98o-lwdtq222uokb7c@resize_ss576x330,https://www.foody.vn/ho-chi-minh/quan-an-1976-mon-ngon-vi-bac-duong-so-20
The Lien House - Món Ngon Hà Nội - The Krista Apartment,3.5,"T002 The Krista Apartment, 537 Nguyễn Duy Trinh, P. Bình Trưng Tây, Quận 2, TP. HCM",Đang mở cửa  06:30 - 15:00 | 17:00 - 21:30,40.000đ - 150.000đ,10.7902040000000,106.7706560000000,4.3,4.3,2.8,3.0,3.3,https://down-vn.img.susercontent.com/vn-11134259-7r98o-lwg4ffzv7lcp35@resize_ss576x330,https://www.foody.vn/ho-chi-minh/the-lien-house-mon-ngon-ha-noi-the-krista-apartment
Nhớ Mãi Quán - Cơm Chiên & Mì Xào - Quốc Hương,8.6,"44 Quốc Hương, P. Thảo Điền, Quận 2, TP. HCM",Đang mở cửa  10:00 - 22:00,30.000đ - 35.000đ,10.8065670000000,106.7312240000000,7.0,9.0,9.0,9.0,9.0,https://down-vn.img.susercontent.com/vn-11134259-7r98o-lwa3upr5olax6c@resize_ss576x330,https://www.foody.vn/ho-chi-minh/nho-mai-quan-com-chien-mi-xao-quoc-huong
Ngọc Linh Quán - Đặc Sản Dê Ninh Bình,6.2,"47/1 Quốc Hương, P. Thảo Điền, Quận 2, TP. HCM",Đang mở cửa  09:00 - 23:59,15.000đ - 450.000đ,10.8045000000000,106.7314530000000,6.2,6.0,7.4,6.0,5.4,https://down-vn.img.susercontent.com/vn-11134259-7r98o-lw9qktrpmq55b5@resize_ss576x330,https://www.foody.vn/ho-chi-minh/ngoc-linh-quan-dac-san-de-ninh-binh
Cá Nướng & Gà Nướng Tây Bắc,7.8,"543/17 Nguyễn Duy Trinh, P. Bình Trưng Đông, Quận 2, TP. HCM",Đang mở cửa  16:00 - 22:00,120.000đ - 150.000đ,10.7894290000000,106.7716630000000,7.0,8.0,8.0,8.0,8.0,https://down-vn.img.susercontent.com/vn-11134259-7r98o-lwevrhcfcr15a0@resize_ss576x330,https://www.foody.vn/ho-chi-minh/ca-nuong-ga-nuong-tay-bac
Chăm Pa Quán - Phở Hà Nội,1.1,"40 Song Hành, P. An Phú, Quận 2, TP. HCM",Đang mở cửa  07:00 - 22:00,10.000đ - 80.000đ,10.7998320000000,106.7367590000000,1.0,1.5,1.0,1.0,1.0,https://down-vn.img.susercontent.com/vn-11134259-7r98o-lwia2b575xaxbc@resize_ss576x330,https://www.foody.vn/ho-chi-minh/cham-pa-quan-pho-ha-noi
Bún Đậu Anh Em - Nguyễn Duy Trinh,7.2,"480 Nguyễn Duy Trinh, P. Bình Trưng Đông, Quận 2, TP. HCM",Đang mở cửa  09:00 - 21:00,20.000đ - 140.000đ,10.7882300000000,106.7729140000000,8.3,8.0,5.7,7.0,7.0,https://down-vn.img.susercontent.com/vn-11134259-7r98o-lwb90ic2jkyhec@resize_ss576x330,https://www.foody.vn/ho-chi-minh/bun-dau-anh-em-nguyen-duy-trinh
Thu Hương - Miến Ngang & Bún Ngang,5.8,"17 Song Hành, P. Thảo Điền, Quận 2, TP. HCM",Chưa mở cửa  05:00 - 11:00,50.000đ - 100.000đ,10.7994088852989,106.7348225587168,9.0,10.0,2.0,6.0,2.0,https://down-vn.img.susercontent.com/vn-11134259-7r98o-lwh6sq5v2dax02@resize_ss576x330,https://www.foody.vn/ho-chi-minh/thu-huong-mien-ngang-bun-ngang
Gold Coffee - Chung Cư An Hòa,7.9,"Tầng Trệt Chung Cư An Hòa, Trần Lựu, P. An Phú, Quận 2, TP. HCM",Đang mở cửa  06:15 - 21:00,10.000đ - 50.000đ,10.7930720000000,106.7395840000000,8.0,7.7,8.0,7.7,8.3,https://down-vn.img.susercontent.com/vn-11134259-7r98o-lwgyfdqoc7vdea@resize_ss576x330,https://www.foody.vn/ho-chi-minh/gold-coffee-chung-cu-an-hoa
Nhà Hàng Vạn Chài - Đặc Sản Hà Nội,8.7,"80 Vũ Tông Phan, P. An Phú , Quận 2, TP. HCM",Đang mở cửa  10:00 - 21:00,30.000đ - 200.000đ,10.7970440000000,106.7418860000000,8.5,8.0,9.0,9.0,9.0,https://down-vn.img.susercontent.com/vn-11134259-7r98o-lw8j3k1gmwgr81@resize_ss576x330,https://www.foody.vn/ho-chi-minh/nha-hang-van-chai-dac-san-ha-noi
Hue Delights 2 - Ẩm Thực Huế - Vincom Mega Mall Thảo Điền,9.1,"Tầng 5,  Tầng 5 - Lô 05&07, Vincom Mega Mall Thảo Điền, 161 Xa Lộ Hà Nội, P. Thảo Điền, Quận 2, TP. HCM",Đang mở cửa  09:30 - 22:00,45.000đ - 390.000đ,10.8015700000000,106.7387240000000,8.7,9.7,9.3,9.3,8.7,https://down-vn.img.susercontent.com/vn-11134259-7r98o-lw9whwns90bfac@resize_ss576x330,https://www.foody.vn/ho-chi-minh/hue-delights-2-vincom-mega-mall-thao-dien
Lubu Restaurant - Thảo Điền,7.6,"97B Thảo Điền, Quận 2, TP. HCM",Đang mở cửa  10:00 - 22:00,30.000đ - 3.300.000đ,10.8081990000000,106.7333630000000,8.0,7.8,7.8,7.2,7.2,https://down-vn.img.susercontent.com/vn-11134259-7r98o-lwgzwftl60nv78@resize_ss576x330,https://www.foody.vn/ho-chi-minh/lubu-restaurant-thao-dien
Cơm Gà Xối Mỡ 1A - Cơm Gà Xối Mỡ - Lương Định Của,7.2,"1A Lương Định Của, P. Bình An, Quận 2, TP. HCM",Đang mở cửa  10:00 - 20:30,Đang cập nhật,10.7868530000000,106.7322982000000,6.0,6.0,8.5,7.5,8.0,https://down-vn.img.susercontent.com/vn-11134259-7r98o-lw98vs9m19zte5@resize_ss576x330,https://www.foody.vn/ho-chi-minh/com-ga-xoi-mo-1a-com-ga-xoi-mo-luong-dinh-cua.sajo9c
Bánh Mì Hà Nội - Nguyễn Thiện Thuật,7.2,"83 - 85 Nguyễn Thiện Thuật, Quận 3, TP. HCM",Đang mở cửa  05:30 - 22:00,2.000đ - 72.000đ,10.7668956000000,106.6810330000000,7.2,7.6,7.4,7.2,6.5,https://down-vn.img.susercontent.com/vn-11134513-7ras8-mb6jfoi3d48j9c@resize_ss576x330,https://www.foody.vn/ho-chi-minh/banh-mi-ha-noi-nguyen-thien-thuat
Chả Cá Lã Vọng - Hồ Xuân Hương,5.6,"7 Hồ Xuân Hương, P. 6, Quận 3, TP. HCM",Đang mở cửa  11:00 - 14:00 | 17:00 - 23:00,50.000đ - 110.000đ,10.7778962000000,106.6889822000000,6.1,6.2,5.9,5.0,4.7,https://down-vn.img.susercontent.com/vn-11134259-7r98o-lwd3ax807h7da4@resize_ss576x330,https://www.foody.vn/ho-chi-minh/cha-ca-la-vong
Phở Dậu - Nam Kỳ Khởi Nghĩa,6.4,"Cư Xá 288 Nhà M1, Đ. Nam Kỳ Khởi Nghĩa, P. 8, Quận 3, TP. HCM",Chưa mở cửa  05:00 - 11:00,65.000đ - 77.000đ,10.7898460000000,106.6850750000000,6.0,6.9,6.9,6.8,5.3,https://down-vn.img.susercontent.com/vn-11134513-7r98o-lstpwfp4ygn818@resize_ss576x330,https://www.foody.vn/ho-chi-minh/pho-dau-nam-ky-khoi-nghia
Gác Lửng - Mì Trộn & Ăn Vặt - Lê Văn Sỹ,8.4,"Dãy B, 222 Lê Văn Sỹ, P. 14, Quận 3, TP. HCM",Đang mở cửa  09:30 - 21:00,Đang cập nhật,10.7867695000000,106.6808524000000,7.3,8.3,9.3,8.7,8.3,https://down-vn.img.susercontent.com/vn-11134513-7r98o-lsve6qzx9ex0ff@resize_ss576x330,https://www.foody.vn/ho-chi-minh/gac-lung-mi-tron-an-vat-le-van-sy.6hvwh6
Phở Bò Phú Gia - Lý Chính Thắng,6.2,"146E Lý Chính Thắng, P. 7, Quận 3, TP. HCM",Đang mở cửa  06:00 - 11:00 | 17:00 - 21:00,35.000đ - 55.000đ,10.7862100000000,106.6846170000000,5.6,6.8,7.2,5.9,5.4,https://down-vn.img.susercontent.com/vn-11134513-7r98o-lstpz43dw69w10@resize_ss576x330,https://www.foody.vn/ho-chi-minh/pho-bo-phu-gia
Phở Anh - Kỳ Đồng,7.4,"08 Kỳ Đồng, P. 9, Quận 3, TP. HCM",Đang mở cửa  06:00 - 00:00,35.000đ - 55.000đ,10.7846180000000,106.6826960000000,7.2,7.5,7.8,7.3,7.1,https://down-vn.img.susercontent.com/vn-11134513-7r98o-lstpxrvufxcpf5@resize_ss576x330,https://www.foody.vn/ho-chi-minh/pho-anh-ky-dong
Phở Chua Lạng Sơn - Nguyễn Thiện Thuật,6.4,"242/101 Nguyễn Thiện Thuật, P. 3, Quận 3, TP. HCM",Đang mở cửa  15:00 - 20:30,25.000đ - 39.000đ,10.7709860000000,106.6796360000000,6.0,6.4,6.9,6.4,6.3,https://down-vn.img.susercontent.com/vn-11134259-7r98o-lw8bmzgjqv2xfa@resize_ss800x450,https://www.foody.vn/ho-chi-minh/pho-chua-lang-son-nguyen-thien-thuat
Bún Chả Hồ Gươm - Bún Chả Hà Nội - Trương Định,6.5,"29 Trương Định, P. 6, Quận 3, TP. HCM",Đang mở cửa  07:00 - 21:00,35.000đ - 38.000đ,10.7765023000000,106.6910498000000,6.4,6.9,6.7,6.3,6.4,https://down-vn.img.susercontent.com/vn-11134513-7r98o-lstpn9tnosecaf@resize_ss576x330,https://www.foody.vn/ho-chi-minh/bun-cha-ho-guom-bun-cha-ha-noi-truong-dinh
Quán Quang Gánh - Bún Đậu Mắm Tôm,7.0,"50 Trần Quang Diệu, P. 14, Quận 3, TP. HCM",Đang mở cửa  10:00 - 22:00,35.000đ - 66.000đ,10.7888110000000,106.6782280000000,6.7,7.1,7.2,6.9,7.0,https://down-vn.img.susercontent.com/vn-11134513-7r98o-lstr2s0oarb87e@resize_ss576x330,https://www.foody.vn/ho-chi-minh/quan-quang-ganh
Phở Thành - Lý Chính Thắng,7.5,"140E Lý Chính Thắng, P. 7, Quận 3, TP. HCM",Đang mở cửa  08:30 - 21:45,50.000đ - 100.000đ,10.7870890000000,106.6846030000000,7.3,7.3,8.2,7.5,7.2,https://down-vn.img.susercontent.com/vn-11134513-7r98o-lsu3q5qk2qx09e@resize_ss576x330,https://www.foody.vn/ho-chi-minh/pho-thanh-ly-chinh-thang
No.96 - Quán 96 Lẩu & Nướng,7.1,"117 Võ Văn Tần, Quận 3, TP. HCM",Đang mở cửa  00:01 - 01:00 | 10:00 - 23:59,30.000đ - 220.000đ,10.7760500000000,106.6898260000000,6.8,7.4,7.4,7.0,6.8,https://down-vn.img.susercontent.com/vn-11134513-7r98o-lstrqhtwuj7o3e@resize_ss576x330,https://www.foody.vn/ho-chi-minh/no-96-quan-96-lau-nuong
Tịnh Tâm Chay - Cơm Tấm & Món Ngon,10.0,"Căn 203 Lô C - Chung Cư Nguyễn Thiện Thuật, Quận 3, TP. HCM",Đang mở cửa  08:00 - 23:59,Đang cập nhật,10.7680244000000,106.6776700000000,10.0,10.0,10.0,10.0,10.0,https://down-vn.img.susercontent.com/vn-11134513-7r98o-luapzux43u3ja0@resize_ss576x330,https://www.foody.vn/ho-chi-minh/tinh-tam-chay-com-tam-mon-ngon
Lucas - Nem Chua Rán Hà Nội - Lê Văn Sỹ,9.7,"219 Lê Văn Sỹ, P. 13, Quận 3, TP. HCM",Đang mở cửa  14:00 - 22:00,30.000đ - 50.000đ,10.7869600000000,106.6792700000000,9.2,9.8,10.0,9.6,9.8,https://down-vn.img.susercontent.com/vn-11134259-7r98o-lw9xgoiob2l75a@resize_ss576x330,https://www.foody.vn/ho-chi-minh/nem-ran-ha-noi-le-van-sy
Ả Đào - Bún Riêu Hà Nội,5.2,"491/45 Nguyễn Đình Chiểu, P. 2, Quận 3, TP. HCM",Đang mở cửa  07:30 - 19:30,25.000đ - 250.000đ,10.7688520000000,106.6814670000000,5.1,5.8,4.9,5.2,5.1,https://down-vn.img.susercontent.com/vn-11134259-7r98o-lw8bmwczyuop3a@resize_ss800x450,https://www.foody.vn/ho-chi-minh/a-dao-bun-rieu-ha-noi
Ngọc Hà - Bún Đậu Mắm Tôm - Trần Quốc Thảo,8.1,"183 Trần Quốc Thảo, P. 9, Quận 3, TP. HCM",Đang mở cửa  09:00 - 22:00,20.000đ - 55.000đ,10.7853641000000,106.6819980000000,7.5,8.0,8.4,8.0,8.5,https://down-vn.img.susercontent.com/vn-11134513-7r98o-lsu1m379lb4p46@resize_ss576x330,https://www.foody.vn/ho-chi-minh/ngoc-ha-bun-dau-mam-tom-tran-quoc-thao
Thủy Hử Quán - Bò Tùng Xẻo - 399 Hoàng Sa,8.1,"399 Hoàng Sa, Phường 8, Quận 3, TP. HCM",Đang mở cửa  09:00 - 23:00,30.000đ - 140.000đ,10.7919019000000,106.6860014000000,7.5,6.5,9.0,9.0,8.5,https://down-vn.img.susercontent.com/vn-11134259-7r98o-lwfdtwio1lg9e1@resize_ss576x330,https://www.foody.vn/ho-chi-minh/thuy-hu-quan
Tùng Lâm - Bún Chả Hà Nội,6.5,"84 Trương Quyền, P. 6, Quận 3, TP. HCM",Chưa mở cửa  06:30 - 15:00,30.000đ - 40.000đ,10.7873112000000,106.6917911000000,5.8,6.7,6.5,6.3,7.3,https://down-vn.img.susercontent.com/vn-11134259-7r98o-lwa3fx316j15bb@resize_ss576x330,https://www.foody.vn/ho-chi-minh/tung-lam-bun-cha-ha-noi
Cổ Ngư - Bún Dọc Mùng (Bạc Hà),8.5,"193 Nguyễn Đình Chiểu, P. 5, Quận 3, TP. HCM",Đang mở cửa  06:30 - 22:00,50.000đ - 70.000đ,10.7745179000000,106.6864246000000,8.2,8.1,9.2,8.9,8.2,https://down-vn.img.susercontent.com/vn-11134513-7r98o-lsu4ng2qgbkpef@resize_ss576x330,https://www.foody.vn/ho-chi-minh/co-ngu-bun-doc-mung-dac-san-ha-noi
Bún Đậu Mắm Tôm A Chảnh - Nguyễn Thượng Hiền,6.9,"359 Nguyễn Thượng Hiền, P. 11, Quận 3, TP. HCM",Đang mở cửa  10:00 - 22:00,23.000đ - 55.000đ,10.7770219000000,106.6819704000000,6.6,7.2,7.0,6.7,6.9,https://down-vn.img.susercontent.com/vn-11134513-7r98o-lstwwyrn9zus08@resize_ss576x330,https://www.foody.vn/ho-chi-minh/bun-dau-mam-tom-a-chanh-nguyen-thuong-hien
Dòn - Bánh Mì - Võ Văn Tần,8.6,"439B Võ Văn Tần, P. 5, Quận 3, TP. HCM",Đang mở cửa  06:30 - 19:30,Đang cập nhật,10.7697879000000,106.6841203000000,8.0,10.0,9.0,8.0,8.0,https://down-vn.img.susercontent.com/vn-11134513-7r98o-lsvgbukzj1cp8f@resize_ss576x330,https://www.foody.vn/ho-chi-minh/don-banh-mi-vo-van-tan.jplvi8
Bún Chả Hà Nội - Hẻm Cao Thắng,5.6,"51/10/9 Cao Thắng, Quận 3, TP. HCM",Đang mở cửa  10:00 - 20:00,25.000đ - 45.000đ,10.7700750000000,106.6810980000000,5.4,5.9,6.0,5.0,5.6,https://down-vn.img.susercontent.com/vn-11134513-7r98o-lstszm3vwyah4b@resize_ss576x330,https://www.foody.vn/ho-chi-minh/bun-cha-ha-noi-hem-cao-thang
Men Quán - Món Ăn Tây Bắc,8.2,"20/4 Kỳ Đồng, P. 9, Quận 3, TP. HCM",Đang mở cửa  10:00 - 22:00,50.000đ - 500.000đ,10.7826800000000,106.6818370000000,8.0,8.0,9.0,8.0,8.0,https://down-vn.img.susercontent.com/vn-11134259-7r98o-lwakq0tbtiopc4@resize_ss576x330,https://www.foody.vn/ho-chi-minh/men-quan-mon-an-tay-bac
Bánh Canh Tôm Bột Gạo Ngon,7.2,"283 Võ Văn Tần, P. 5, Quận 3, TP. HCM",Đang mở cửa  12:00 - 20:00,8.000đ - 30.000đ,10.7722620000000,106.6863580000000,5.0,7.0,10.0,6.0,8.0,https://down-vn.img.susercontent.com/vn-11134259-7r98o-lwd49m7yerq3bc@resize_ss576x330,https://www.foody.vn/ho-chi-minh/banh-canh-tom-bot-gao-ngon
Lão Hạc - Gà Hấp Mắm Nhĩ - Lý Chính Thắng,1.0,"52/3 Lý Chính Thắng, P. Võ Thị Sáu, Quận 3, TP. HCM",Đang mở cửa  10:00 - 22:00,10.000đ - 60.000đ,10.7905008000000,106.6864990000000,1.0,1.0,1.0,1.0,1.0,https://down-vn.img.susercontent.com/vn-11134513-820l4-me5g6ebbgf7nee@resize_ss576x330,https://www.foody.vn/ho-chi-minh/lao-hac-ga-hap-mam-nhi-ly-chinh-thang
Ngõ - Nem Chua Rán Hà Nội - Lê Văn Sỹ,8.4,"217 Lê Văn Sỹ, P. 13, Quận 3, TP. HCM",Đang mở cửa  16:00 - 22:00,35.000đ - 60.000đ,10.7869010000000,106.6792990000000,7.6,8.7,8.6,8.8,8.4,https://down-vn.img.susercontent.com/vn-11134259-7r98o-lwevrsc38c7t07@resize_ss576x330,https://www.foody.vn/ho-chi-minh/ngo-nem-chua-ran-ha-noi-le-van-sy
Gà Bản Đôn - Gà Nướng Sa Lửa & Gà Nướng Cơm Lam Tây Nguyên - Quận 3,1.0,"52/3 Lý Chính Thắng, P. Võ Thị Sáu, Quận 3, TP. HCM",Đang mở cửa  10:00 - 22:00,30.000đ - 90.000đ,10.7905404000000,106.6864840000000,1.0,1.0,1.0,1.0,1.0,https://down-vn.img.susercontent.com/vn-11134513-7ras8-mdvcejus7rfh43@resize_ss576x330,https://www.foody.vn/ho-chi-minh/ga-ban-don-ga-nuong-sa-lua-ga-nuong-com-lam-tay-nguyen-quan-3
Bún Chả Thu Xưa - Quận 3,3.0,"52/3 Lý Chính Thắng, P. Võ Thị Sáu, Quận 3, TP. HCM",Đang mở cửa  09:00 - 22:00,32.000đ - 95.000đ,10.7905008000000,106.6864990000000,5.0,5.0,2.0,1.0,2.0,https://down-vn.img.susercontent.com/vn-11134513-820l4-me14fsqc8w07e1@resize_ss576x330,https://www.foody.vn/ho-chi-minh/bun-cha-thu-xua-quan-3
An Nam Quán - Gà Lên Mâm - Tú Xương,7.3,"51B Tú Xương, Quận 3, TP. HCM",Đang mở cửa  11:00 - 22:00,50.000đ - 165.000đ,10.7781000000000,106.6837530000000,7.1,7.5,7.6,7.2,7.1,https://down-vn.img.susercontent.com/vn-11134259-7r98o-lw8bsvhl5kuz27@resize_ss576x330,https://www.foody.vn/ho-chi-minh/an-nam-quan-tu-xuong
Bánh Canh Chả Cá - Đặc Sản Phan Rang - Rạch Bùng Binh,8.6,"101 Rạch Bùng Binh, P. 9, Quận 3, TP. HCM",Đang mở cửa  14:00 - 22:00,30.000đ - 50.000đ,10.7837858000000,106.6801310000000,8.0,7.0,9.0,10.0,9.0,https://down-vn.img.susercontent.com/vn-11134513-7r98o-lsu8evx58tjt30@resize_ss576x330,https://www.foody.vn/ho-chi-minh/banh-canh-cha-ca-dac-san-phan-rang-rach-bung-binh
An Nam Quán - Gà Lên Mâm - Nguyễn Bỉnh Khiêm,7.1,"51B Tú Xương, P. 7, Quận 3, TP. HCM",Đang mở cửa  11:00 - 22:00,50.000đ - 165.000đ,10.7778743531017,106.6837190202782,6.5,7.3,7.5,7.1,6.9,https://down-vn.img.susercontent.com/vn-11134259-7r98o-lwagc1qy5hi3a2@resize_ss576x330,https://www.foody.vn/ho-chi-minh/an-nam-quan
Hàn Phố - Món Quảng,7.4,"14/40D Kỳ Đồng, Quận 3, TP. HCM",Đang mở cửa  06:00 - 22:00,35.000đ - 150.000đ,10.7840070000000,106.6821220000000,6.9,7.3,8.0,7.8,6.9,https://down-vn.img.susercontent.com/vn-11134259-7r98o-lwhp6fzopd5lcc@resize_ss576x330,https://www.foody.vn/ho-chi-minh/han-pho
Bánh Xèo Quảng Ngãi - Ông Mập,6.6,"122A Rạch Bùng Binh, Quận 3, TP. HCM",Đang mở cửa  15:00 - 21:00,20.000đ - 50.000đ,10.7835310000000,106.6803230000000,5.7,6.8,6.8,6.3,7.2,https://down-vn.img.susercontent.com/vn-11134513-7r98o-ltz6k185hssx06@resize_ss576x330,https://www.foody.vn/ho-chi-minh/banh-beo-banh-xeo-quang-ngai
Ăn Là Nhớ - Mì Quảng,1.0,"123 Trần Quốc Thảo, Quận 3, TP. HCM",Đang mở cửa  08:00 - 22:00,44.000đ - 57.000đ,10.7839060000000,106.6853520000000,1.0,1.0,1.0,1.0,1.0,https://down-vn.img.susercontent.com/vn-11134259-7r98o-lwbxlz2crqhl1d@resize_ss576x330,https://www.foody.vn/ho-chi-minh/an-la-nho-mi-quang
Chị Liên - Nem Nướng Nha Trang,6.7,"Hẻm 209 Lê Văn Sỹ, Quận 3, TP. HCM",Đang mở cửa  14:00 - 19:00,5.000đ - 25.000đ,10.7865440000000,106.6795239000000,6.3,6.3,6.8,7.3,6.7,https://down-vn.img.susercontent.com/vn-11134259-7r98o-lwantibmgic9ee@resize_ss576x330,https://www.foody.vn/ho-chi-minh/chi-lien-nem-nuong-nha-trang
Pong Quán - Cách Mạng Tháng 8,7.0,"590/15 Lô A Cách Mạng Tháng 8, P. 11, Quận 3, TP. HCM",Đang mở cửa  15:00 - 22:00,4.000đ - 15.000đ,10.7868952000000,106.6661691000000,6.9,6.7,7.2,6.9,7.2,https://down-vn.img.susercontent.com/vn-11134259-7r98o-lw8bmr23q7dlbe@resize_ss800x450,https://www.foody.vn/ho-chi-minh/pong-quan-cach-mang-thang-8
Mì Quảng 42,7.5,"436/59/42 Cách Mạng Tháng 8, P. 11, Quận 3, TP. HCM",Chưa mở cửa  07:00 - 16:00,35.000đ - 35.000đ,10.7853340000000,106.6703860000000,5.3,8.0,8.3,8.0,8.0,https://down-vn.img.susercontent.com/vn-11134513-7r98o-lsu9ky898k3o3f@resize_ss576x330,https://www.foody.vn/ho-chi-minh/mi-quang-42
Trúc Bàng Quán - Đặc Sản Phan Rang,6.9,"972/6 TrườNg Sa, P. 13, Quận 3, TP. HCM",Đang mở cửa  15:00 - 22:00,20.000đ - 30.000đ,10.7883570000000,106.6701530000000,6.9,6.9,7.1,6.9,6.9,https://down-vn.img.susercontent.com/vn-11134513-7r98o-lsttuaaa32c9c4@resize_ss576x330,https://www.foody.vn/ho-chi-minh/truc-bang-quan-truong-sa
Ngon_Goodfood_Goodmood - Lẩu Bò Đà Lạt & Súp Bào Ngư - 372/18 Cách Mạng Tháng 8,9.1,"372/18 Cách Mạng Tháng 8, P. 10, Quận 3, TP. HCM",Đang mở cửa  11:00 - 23:00,Đang cập nhật,10.7836218000000,106.6736040000000,9.7,7.0,10.0,10.0,9.0,https://down-vn.img.susercontent.com/vn-11134259-7r98o-lwawqt8bq7dle9@resize_ss576x330,https://www.foody.vn/ho-chi-minh/ngon_goodfood_goodmood-lau-bo-da-lat-sup-bao-ngu-372-18-cach-mang-thang-8
Quán Của Má - Nem Nướng Nha Trang - Hoàng Sa,4.8,"701 Hoàng Sa, P. Võ Thị Sáu, Quận 3, TP. HCM",Đang mở cửa  11:00 - 21:00,10.000đ - 22.000đ,10.7864556000000,106.6834391000000,4.6,5.0,5.0,4.6,5.0,https://down-vn.img.susercontent.com/vn-11134259-7r98o-lw8bm9323w0pcc@resize_ss800x450,https://www.foody.vn/ho-chi-minh/quan-cua-ma-nem-nuong-nha-trang-hoang-sa
"Mệ Thương - Bánh Bột Lọc, Bánh Giò Mini - Lý Chính Thắng",6.0,"21/8 Lý Chính Thắng, P. 8, Quận 3, TP. HCM",Đang mở cửa  13:00 - 21:00,Đang cập nhật,10.7903937000000,106.6871790000000,6.0,6.0,6.0,6.0,6.0,https://down-vn.img.susercontent.com/vn-11134513-7r98o-lsvdwjvqhpdwb5@resize_ss576x330,https://www.foody.vn/ho-chi-minh/me-thuong-banh-bot-loc-banh-gio-mini-ly-chinh-thang
Ẩm Thực Phan Rang - Hẻm 972 Trường Sa,10.0,"Hẻm 972/18C Trường Sa, P. 13, Quận 3, TP. HCM",Đang mở cửa  06:00 - 21:00,Đang cập nhật,10.7874197000000,106.6761607000000,10.0,10.0,10.0,10.0,10.0,https://down-vn.img.susercontent.com/vn-11134513-7r98o-lsvfohqpzwlg78@resize_ss576x330,https://www.foody.vn/ho-chi-minh/am-thuc-phan-rang-hem-972-truong-sa
Bún Quậy Saigon,7.8,"359/48 Lê Văn Sỹ, P. 12, Quận 3, TP. HCM",Đang mở cửa  09:00 - 23:59,30.000đ - 45.000đ,10.7870880000000,106.6757170000000,7.8,7.3,8.5,8.0,7.5,https://down-vn.img.susercontent.com/vn-11134259-7r98o-lw8blr7m6o63f6@resize_ss800x450,https://www.foody.vn/ho-chi-minh/saigon-quan-bun-quay
Mì Quảng Đà Lạt 453,7.8,"453/77B20 Lê Văn Sỹ, P. 12, Quận 3, TP. HCM",Đang mở cửa  08:00 - 13:30 | 15:30 - 21:00,25.000đ - 35.000đ,10.7889670000000,106.6726030000000,7.7,6.5,8.4,7.9,8.4,https://down-vn.img.susercontent.com/vn-11134513-7r98o-lsty24r2kn9g65@resize_ss576x330,https://www.foody.vn/ho-chi-minh/mi-quang-da-lat-453
Bún Bò Hẻm - Hẻm 134 Lý Chính Thắng,7.3,"134/11 Lý Chính Thắng, P. Võ Thị Sáu, Quận 3, TP. HCM",Đang mở cửa  06:00 - 22:00,20.000đ - 45.000đ,10.7876347000000,106.6844676000000,7.6,7.1,7.7,7.1,7.1,https://down-vn.img.susercontent.com/vn-11134513-7r98o-lstsmvjuyg90bc@resize_ss576x330,https://www.foody.vn/ho-chi-minh/bun-bo-hem-hem-134-ly-chinh-thang
Ăn Là Ghiền - Bánh Xèo Quảng Ngãi,3.4,"113 Rạch Bùng Binh, Quận 3, TP. HCM",Đang mở cửa  14:00 - 22:00,4.000đ - 4.000đ,10.7838705000000,106.6802673000000,5.0,5.0,1.0,5.0,1.0,https://down-vn.img.susercontent.com/vn-11134259-7r98o-lwavzkdd240r6e@resize_ss576x330,https://www.foody.vn/ho-chi-minh/an-la-ghien-banh-xeo-quang-ngai
O Thanh - Bánh Canh Cá Lóc,7.9,"287/4 Nguyễn , Đình Chiểu , P. 5, Quận 3, TP. HCM",Đang mở cửa  12:30 - 21:00,20.000đ - 20.000đ,10.7729631000000,106.6851663000000,7.1,7.8,8.3,7.9,8.4,https://down-vn.img.susercontent.com/vn-11134513-7r98o-lstw5a45ra1l91@resize_ss576x330,https://www.foody.vn/ho-chi-minh/o-thanh-banh-canh-ca-loc
The Huế House - Nhà Hàng Huế,8.1,"Rooftop Master Building, 41 - 43 Trần Cao Vân, P. 6, Quận 3, TP. HCM",Đang mở cửa  10:00 - 22:00,50.000đ - 200.000đ,10.7832980000000,106.6968340000000,8.8,8.3,7.7,8.3,7.6,https://down-vn.img.susercontent.com/vn-11134259-7r98o-lwf0c0lpces95e@resize_ss576x330,https://www.foody.vn/ho-chi-minh/the-hue-house-nha-hang-hue
O Si - Bún Bò Huế Gốc - Lê Văn Sỹ,6.0,"443/2 Lê Văn Sỹ, P. 12, Quận 3, TP. HCM",Đang mở cửa  08:00 - 23:00,30.000đ - 55.000đ,10.7894430000000,106.6724333000000,5.9,6.6,6.0,6.1,5.5,https://down-vn.img.susercontent.com/vn-11134259-7r98o-lw9sjxlzm3ff4a@resize_ss576x330,https://www.foody.vn/ho-chi-minh/hue-oi-quan-hue
Bánh Canh Chả Cá - Đặc Sản Phan Rang - 183 Trương Định,2.4,"183 Trương Định, P. 9, Quận 3, TP. HCM",Chưa mở cửa  06:30 - 10:00,30.000đ - 50.000đ,10.7838880000000,106.6804430000000,3.0,1.0,3.0,2.0,3.0,https://down-vn.img.susercontent.com/vn-11134513-7r98o-lsu8eutquh7dfc@resize_ss576x330,https://www.foody.vn/ho-chi-minh/banh-canh-cha-ca-dac-san-phan-rang-183-truong-dinh
Huế Của Ta - Bà Huyện Thanh Quan,4.3,"88 Bà Huyện Thanh Quan, P. 9, Quận 3, TP. HCM",Chưa mở cửa  06:30 - 13:45,30.000đ - 55.000đ,10.7823830000000,106.6805090000000,5.0,5.0,3.5,3.0,5.0,https://down-vn.img.susercontent.com/vn-11134259-7r98o-lwdii5skrnbt38@resize_ss576x330,https://www.foody.vn/ho-chi-minh/hue-cua-ta-ba-huyen-thanh-quan
Nhà hàng Trịnh - Ẩm Thực Huế,8.0,"41/5 Phạm Ngọc Thạch, Quận 3, TP. HCM",Đang mở cửa  08:00 - 22:00,50.000đ - 500.000đ,10.7848130000000,106.6935270000000,8.6,7.6,8.1,8.9,7.0,https://down-vn.img.susercontent.com/vn-11134259-7r98o-lwar6ahzff8be7@resize_ss576x330,https://www.foody.vn/ho-chi-minh/nha-hang-trinh-pham-ngoc-thach
Nhớ Nha Trang - Bún Cá & Bún Thái,9.1,"937 Hoàng Sa, P. 11, Quận 3, TP. HCM",Đang mở cửa  06:30 - 21:30,6.000đ - 35.000đ,10.7859953000000,106.6748694000000,7.9,9.1,9.6,9.3,9.5,https://down-vn.img.susercontent.com/vn-11134513-7r98o-lsu3oxpyhm8485@resize_ss576x330,https://www.foody.vn/ho-chi-minh/nho-nha-trang-bun-ca-bun-thai
Góc Huế - Chuyên Món Huế,8.5,"41 Kỳ Đồng, P. 9, Quận 3, TP. HCM",Đang mở cửa  07:30 - 21:30,25.000đ - 70.000đ,10.7805550000000,106.6811220000000,8.7,8.7,8.3,8.5,8.4,https://down-vn.img.susercontent.com/vn-11134513-7r98o-lsu9hv2dwt6sbb@resize_ss576x330,https://www.foody.vn/ho-chi-minh/goc-hue
Bánh Bột Lọc - Chợ Bàn Cờ,6.0,"212/45 Nguyễn Thiện Thuật, P. 3, Quận 3, TP. HCM",Chưa mở cửa  06:45 - 10:30,20.000đ - 140.000đ,10.7697320000000,106.6793370000000,5.5,5.5,6.7,6.2,6.3,https://down-vn.img.susercontent.com/vn-11134259-7r98o-lwapx91097mhda@resize_ss576x330,https://www.foody.vn/ho-chi-minh/banh-bot-loc-cho-ban-co
Đông Phố - Món Huế Sang Trọng,6.8,"57 Hồ Xuân Hương, P. 6, Quận 3, TP. HCM",Đang mở cửa  08:00 - 14:00 | 17:00 - 21:30,100.000đ - 330.000đ,10.7763130000000,106.6873960000000,7.6,7.2,7.1,6.4,5.7,https://down-vn.img.susercontent.com/vn-11134259-7r98o-lwe6zgk8hfx591@resize_ss576x330,https://www.foody.vn/ho-chi-minh/dong-pho
Quán A7 - Lẩu Gà Lá É Phú Yên,6.9,"14/7 Kỳ Đồng, P. 9, Quận 3, TP. HCM",Đang mở cửa  15:00 - 22:00,7.000đ - 397.000đ,10.7841326000000,106.6815971000000,6.9,7.0,7.3,6.9,6.7,https://down-vn.img.susercontent.com/vn-11134513-7r98o-ltkr477dfbii39@resize_ss576x330,https://www.foody.vn/ho-chi-minh/quan-a7-lau-ga-la-e-phu-yen
Bếp Người Hội An - Tiệm Mì Quảng & Cơm Gà,8.2,"22 Trần Quốc Toản, P. 8, Quận 3, TP. HCM",Đang mở cửa  07:00 - 21:00,35.000đ - 60.000đ,10.7885160000000,106.6888360000000,8.5,8.1,8.2,8.0,8.3,https://down-vn.img.susercontent.com/vn-11134513-7r98o-lsua0rbyfaftb9@resize_ss576x330,https://www.foody.vn/ho-chi-minh/bep-nguoi-hoi-an-tiem-mi-quang-com-ga
Mệ Vui 29 Trần Quốc Toản,5.9,"29 Trần Quốc Toản, P. 8, Quận 3, TP. HCM",Đang mở cửa  07:30 - 21:00,15.000đ - 200.000đ,10.7890890000000,106.6892340000000,5.5,6.3,6.2,5.4,5.9,https://down-vn.img.susercontent.com/vn-11134513-7ra0g-ma1cpjycmv7m1d@resize_ss576x330,https://www.foody.vn/ho-chi-minh/me-vui-29-tran-quoc-toan
Bánh Bèo Tô - Nguyễn Thượng Hiền,9.1,"59 Nguyễn Thượng Hiền, Quận 3, TP. HCM",Đang mở cửa  11:00 - 19:00,25.000đ - 30.000đ,10.7712111000000,106.6858589000000,8.5,10.0,9.0,8.5,9.5,https://down-vn.img.susercontent.com/vn-11134259-7r98o-lwako7c9ldqz49@resize_ss576x330,https://www.foody.vn/ho-chi-minh/banh-beo-to-nguyen-thuong-hien
Yến Hương Giang - Bún Bò Huế,5.0,"325 Võ Văn Tần, P. 5, Quận 3, TP. HCM",Đang mở cửa  00:01 - 23:59,15.000đ - 60.000đ,10.7713675000000,106.6856538000000,5.3,6.1,4.8,5.0,4.0,https://down-vn.img.susercontent.com/vn-11134513-7ra0g-m7f9kfgefh8c85@resize_ss576x330,https://www.foody.vn/ho-chi-minh/bun-bo-yen-huong-giang
Chè Beans - Thế Giới Chè Đậu,7.9,"290/13B Nam Kỳ Khởi Nghĩa, P. 8, Quận 3, TP. HCM",Đang mở cửa  11:00 - 22:00,Đang cập nhật,10.7903080000000,106.6847010000000,8.0,7.7,8.7,8.7,6.3,https://down-vn.img.susercontent.com/vn-11134513-7r98o-lsve372ah76h14@resize_ss576x330,https://www.foody.vn/ho-chi-minh/che-beans-the-gioi-che-dau
Bún Bò Huế Chú Há,5.4,"300 Võ Văn Tần, Quận 3, TP. HCM",Đang mở cửa  06:00 - 22:00,45.000đ - 61.000đ,10.7715780000000,106.6856950000000,4.9,6.4,5.6,5.6,4.8,https://down-vn.img.susercontent.com/vn-11134513-7r98o-lstpvvfz0z2x6d@resize_ss576x330,https://www.foody.vn/ho-chi-minh/bun-bo-hue-chu-ha
Bún Bò Huế 62,6.4,"62 Nguyễn Thiện Thuật, Quận 3, TP. HCM",Đang mở cửa  07:00 - 11:00 | 16:15 - 20:00,25.000đ - 39.000đ,10.7662740000000,106.6822510000000,6.3,7.0,6.9,6.0,6.1,https://down-vn.img.susercontent.com/vn-11134259-7r98o-lwe155vh9ot588@resize_ss576x330,https://www.foody.vn/ho-chi-minh/bun-bo-hue-62
Mì Quảng Ăn Là Nhớ - Trần Quốc Thảo,6.1,"123A Trần Quốc Thảo, P. 7, Quận 3, TP. HCM",Đang mở cửa  06:00 - 21:00,40.000đ - 66.000đ,10.7838390000000,106.6854840000000,6.2,6.9,6.0,5.6,5.9,https://down-vn.img.susercontent.com/vn-11134513-7r98o-lstpnuerlo6101@resize_ss576x330,https://www.foody.vn/ho-chi-minh/mi-quang-an-la-nho-tran-quoc-thao
Mì Quảng 85,6.6,"Đầu Hẻm 85 Trần Quang Diệu, Quận 3, TP. HCM",Chưa mở cửa  06:00 - 12:30,30.000đ - 60.000đ,10.7853651000000,106.6785268000000,6.4,7.0,7.0,6.4,6.3,https://down-vn.img.susercontent.com/vn-11134513-7r98o-lstrk8u63ixl45@resize_ss576x330,https://www.foody.vn/ho-chi-minh/mi-quang-85
Ăn Là Ghiền - Mì Quảng & Cơm Gà Hội An - Trần Cao Vân,4.7,"38B Trần Cao Vân, P. 6, Quận 3, TP. HCM",Đang mở cửa  06:00 - 14:00 | 16:00 - 21:00,10.000đ - 65.000đ,10.7834620000000,106.6964800000000,5.0,5.0,4.4,5.0,4.0,https://down-vn.img.susercontent.com/vn-11134259-7r98o-lwf9o8w26od5a5@resize_ss576x330,https://www.foody.vn/ho-chi-minh/an-la-ghien-mi-quang-com-ga-hoi-an
Mì Quảng Mỹ Sơn - Kỳ Đồng,6.5,"9A Kỳ Đồng, P. 9, Quận 3, TP. HCM",Đang mở cửa  06:00 - 22:00,35.000đ - 55.000đ,10.7840390000000,106.6831580000000,6.6,7.4,6.3,6.1,6.3,https://down-vn.img.susercontent.com/vn-11134513-7ra0g-m9cvdwr8zrsy2c@resize_ss576x330,https://www.foody.vn/ho-chi-minh/mi-quang-my-son-ky-dong
Nhà Hàng Khoái - Món Ngon Nha Trang,8.3,"16 Lê Quý Đôn, P. 6, Quận 3, TP. HCM",Đang mở cửa  07:00 - 22:00,50.000đ - 165.000đ,10.7812690000000,106.6910840000000,8.4,8.5,8.5,8.4,7.9,https://down-vn.img.susercontent.com/vn-11134259-7r98o-lw8bmagzzzrt22@resize_ss800x450,https://www.foody.vn/ho-chi-minh/nha-hang-khoai-mon-ngon-nha-trang
Út Hưng - Bún Bò,6.1,"6C Tú Xương, P. 7, Quận 3, TP. HCM",Chưa mở cửa  07:00 - 09:00,30.000đ - 45.000đ,10.7826262000000,106.6882485000000,5.8,6.9,6.1,6.1,5.6,https://down-vn.img.susercontent.com/vn-11134259-7r98o-lwd3y79ttl9728@resize_ss576x330,https://www.foody.vn/ho-chi-minh/ut-hung-bun-bo
Lẩu Gà Lá É Phú Yên Hội Ngộ - 716B Trường Sa,6.6,"716B Trường Sa, P. 14, Quận 3, TP. HCM",Đang mở cửa  10:00 - 22:00,50.000đ - 200.000đ,10.7901530000000,106.6810450000000,5.7,6.6,6.9,6.9,7.1,https://down-vn.img.susercontent.com/vn-11134513-7r98o-lsu7km3o29j865@resize_ss576x330,https://www.foody.vn/ho-chi-minh/lau-ga-la-e-phu-yen-hoi-ngo-716b-truong-sa
Bún Hến & Cơm Hến - Hẻm 284 Lê Văn Sỹ,6.2,"284/9 Lê Văn Sỹ, Quận 3, TP. HCM",Đang mở cửa  16:00 - 20:30,15.000đ - 22.000đ,10.7873360000000,106.6800620000000,5.9,6.6,6.0,6.1,6.6,https://down-vn.img.susercontent.com/vn-11134259-7r98o-lwi65ott7n4r22@resize_ss576x330,https://www.foody.vn/ho-chi-minh/bun-hen-com-hen-le-van-sy
Cô Như - Bún Bò Huế,8.0,"287/38 Nguyễn Đình Chiểu, P. 5, Quận 3, TP. HCM",Đang mở cửa  10:50 - 19:45,28.000đ - 35.000đ,10.7725462000000,106.6855562000000,7.1,6.8,9.0,8.4,8.6,https://down-vn.img.susercontent.com/vn-11134259-7r98o-lwf3oy8se95n5d@resize_ss576x330,https://www.foody.vn/ho-chi-minh/co-nhu-bun-bo-hue
Mì Quảng 3 Anh Em Chính Gốc - Cách Mạng Tháng 8,6.9,"193 Cách Mạng Tháng 8, P. 4, Quận 3, TP. HCM",Đang mở cửa  07:30 - 22:00,30.000đ - 40.000đ,10.7753365000000,106.6860180000000,7.0,7.4,6.7,6.9,6.6,https://down-vn.img.susercontent.com/vn-11134513-820l4-mh4vf5izn2mm67@resize_ss576x330,https://www.foody.vn/ho-chi-minh/mi-quang-3-anh-em-cach-mang-thang-8
O Hè - Bún Bò Huế,7.8,"315/30 Lê Văn Sỹ, P. 13, Quận 3, TP. HCM",Chưa mở cửa  06:30 - 12:30,45.000đ - 50.000đ,10.7861100000000,106.6780140000000,7.0,9.0,9.0,8.0,6.0,https://down-vn.img.susercontent.com/vn-11134513-7r98o-lsua2h7pv89l48@resize_ss576x330,https://www.foody.vn/ho-chi-minh/o-he-bun-bo-hue
Cô Nguyệt - Nem & Chả Huế,6.0,"293 Nguyễn Thượng Hiền, P. 4, Quận 3, TP. HCM",Đang mở cửa  09:00 - 22:00,5.000đ - 20.000đ,10.7751990000000,106.6832840000000,5.1,6.4,6.2,6.0,6.3,https://down-vn.img.susercontent.com/vn-11134513-7ras8-m1o3dty8bexfe9@resize_ss576x330,https://www.foody.vn/ho-chi-minh/co-nguyet-nem-cha-hue
Chú Dũng - Mì Quảng & Bún Bò Huế,9.2,"Hẻm 284 Lê Văn Sỹ, P. 14, Quận 3, TP. HCM",Chưa mở cửa  05:30 - 10:30,45.000đ - 45.000đ,10.7870710000000,106.6799980000000,8.0,8.0,10.0,10.0,10.0,https://down-vn.img.susercontent.com/vn-11134259-7r98o-lwazna00apy3a1@resize_ss576x330,https://www.foody.vn/ho-chi-minh/chu-dung-mi-quang-bun-bo-hue
Các Món Huế Thanh Thu 284,7.9,"284/7 Lê Văn Sỹ, Quận 3, TP. HCM",Đang mở cửa  14:30 - 22:30,22.000đ - 30.000đ,10.7871835000000,106.6800436000000,7.5,9.0,6.5,9.0,7.5,https://down-vn.img.susercontent.com/vn-11134259-7r98o-lwbgdix4uvh5ad@resize_ss576x330,https://www.foody.vn/ho-chi-minh/cac-mon-hue-thanh-thu-284
Bếp Của Mẹ - Cơm Trưa Văn Phòng,7.0,"58/19 Phạm Ngọc Thạch, P. 6, Quận 3, TP. HCM",Đang mở cửa  10:00 - 21:00,30.000đ - 50.000đ,10.7862940000000,106.6928110000000,6.9,7.6,7.4,6.3,6.8,https://down-vn.img.susercontent.com/vn-11134259-7r98o-lxjguk9pf4rdb5,https://www.foody.vn/ho-chi-minh/bep-cua-me-dac-san-mien-trung
Cơm Gà 2 Mập - Nha Trang - Võ Thị Sáu,8.0,"99B Võ Thị Sáu, P. 6, Quận 3, TP. HCM",Đang mở cửa  10:00 - 19:30,30.000đ - 75.000đ,10.7866591000000,106.6911063000000,5.0,6.0,10.0,9.0,10.0,https://down-vn.img.susercontent.com/vn-11134513-7r98o-lsuakfg06rh55f@resize_ss576x330,https://www.foody.vn/ho-chi-minh/com-ga-2-map-nha-trang-vo-thi-sau
Tib Vegetarian - Hai Bà Trưng,6.7,"187 Hai Bà Trưng, P. 6, Quận 3, TP. HCM",Đang mở cửa  07:00 - 22:30,50.000đ - 60.000đ,10.7858236000000,106.6942909000000,6.8,7.0,6.9,6.4,6.7,https://down-vn.img.susercontent.com/vn-11134259-7r98o-lw9hf6srjmc90b@resize_ss576x330,https://www.foody.vn/ho-chi-minh/tib-vegetarian-hai-ba-trung
Gà Nướng Bùi Thị Xuân - Gà Nướng - Lý Chính Thắng,6.3,"60/80A Lý Chính Thắng Lý Chính Thắng, P. 8, Quận 3, TP. HCM",Đang mở cửa  09:00 - 22:00,6.000đ - 28.000đ,10.7905960000000,106.6852870000000,5.7,6.5,7.0,6.2,6.1,https://down-vn.img.susercontent.com/vn-11134513-7r98o-lstrp3nm9tqc03@resize_ss576x330,https://www.foody.vn/ho-chi-minh/ga-nuong-bui-thi-xuan
Mì Chú Tắc - Bà Huyện Thanh Quan,6.1,"22 Bà Huyện Thanh Quan, P. 6, Quận 3, TP. HCM",Đang mở cửa  07:00 - 22:00,30.000đ - 55.000đ,10.7761550000000,106.6892410000000,6.6,6.9,6.2,5.9,4.9,https://down-vn.img.susercontent.com/vn-11134259-7r98o-lwi3gh5sl97f4c@resize_ss576x330,https://www.foody.vn/ho-chi-minh/mi-chu-tac-ba-huyen-thanh-quan
Quán Sóc Trăng 2 - Lẩu Cá Kèo,7.7,"2 Sư Thiện Chiếu, P. 7, Quận 3, TP. HCM",Đang mở cửa  10:00 - 23:00,60.000đ - 132.000đ,10.7780210000000,106.6861510000000,7.6,7.2,8.3,7.5,7.8,https://down-vn.img.susercontent.com/vn-11134513-7r98o-lstpvlchdfic38@resize_ss576x330,https://www.foody.vn/ho-chi-minh/lau-ca-keo-soc-trang
Quán Mưa Rừng - Lẩu Cá Kèo,6.9,"4 Sư Thiện Chiếu, Quận 3, TP. HCM",Đang mở cửa  14:00 - 23:00,30.000đ - 165.000đ,10.7782310000000,106.6863870000000,7.2,7.3,6.9,6.4,6.9,https://down-vn.img.susercontent.com/vn-11134259-7r98o-lwgrtynm4au3f6@resize_ss576x330,https://www.foody.vn/ho-chi-minh/lau-ca-keo-mua-rung
Quán Tư Loan - Bún Thịt Nướng Nem Nướng & Gỏi Cuốn,6.8,"664/10 Nguyễn Đình Chiểu P. 3, Quận 3, TP. HCM",Chưa mở cửa  11:30 - 17:00,5.000đ - 20.000đ,10.7684480000000,106.6804840000000,5.6,6.6,7.6,7.1,7.1,https://down-vn.img.susercontent.com/vn-11134513-7r98o-lstth8cprvdl07@resize_ss576x330,https://www.foody.vn/ho-chi-minh/quan-tu-loan-bun-thit-nuong-nem-nuong-goi-cuon
Lẩu Cá Kèo Bà Huyện - 18 Bà Huyện Thanh Quan,6.0,"18 Bà Huyện Thanh Quan, P. 6, Quận 3, TP. HCM",Đang mở cửa  10:00 - 22:30,40.000đ - 190.000đ,10.7765338000000,106.6890510000000,6.1,6.3,6.1,5.6,5.9,https://down-vn.img.susercontent.com/vn-11134513-7r98o-lsttovs6ps5gad@resize_ss576x330,https://www.foody.vn/ho-chi-minh/lau-ca-keo-ba-huyen-18-ba-huyen-thanh-quan
Hoàng Ty - Đặc sản Trảng Bàng - Cao Thắng,6.9,"106 Cao Thắng, P. 4, Quận 3, TP. HCM",Đang mở cửa  09:30 - 21:45,60.000đ - 110.000đ,10.7720340000000,106.6800790000000,7.0,7.3,7.1,6.5,6.5,https://down-vn.img.susercontent.com/vn-11134513-7r98o-lstpytknaeu193@resize_ss576x330,https://www.foody.vn/ho-chi-minh/hoang-ty-dac-san-trang-bang-cao-thang
Dì Yến Bến Tre - Bún Thịt Xào,8.1,"149 Đỗ Thị Lời, P. 11, Quận 3, TP. HCM",Đang mở cửa  06:30 - 20:30,25.000đ - 50.000đ,10.7862369000000,106.6712427000000,7.6,8.0,8.6,8.5,7.9,https://down-vn.img.susercontent.com/vn-11134513-7r98o-lsu9dwzbu2tg10@resize_ss576x330,https://www.foody.vn/ho-chi-minh/di-yen-ben-tre-bun-thit-xao
Bún Bò Viên Vườn Chuối - Trần Quốc Toản,7.8,"43C Trần Quốc Toản, P. 8, Quận 3, TP. HCM",Chưa mở cửa  06:00 - 18:30,25.000đ - 37.000đ,10.7882310000000,106.6888830000000,8.0,7.6,8.0,7.6,8.0,https://down-vn.img.susercontent.com/vn-11134513-7r98o-lsu4p9zc0b6hf0@resize_ss576x330,https://www.foody.vn/ho-chi-minh/bun-bo-vien-vuon-chuoi-tran-quoc-toan
HỦ TIẾU NAM VANG - MÌ TÀU TUYẾT NHI - Chung Cư Nguyễn Thiện Thuật,6.8,"008 Lô G Chung Cư Nguyễn Thiện Thuật, Nguyễn Thiện Thuật, P. 1, Quận 3, TP. HCM",Chưa mở cửa  07:00 - 10:00,10.000đ - 35.000đ,10.7689010000000,106.6779100000000,5.0,8.0,5.5,7.5,8.0,https://down-vn.img.susercontent.com/vn-11134513-7ras8-mbhmo51qm3q8be@resize_ss576x330,https://www.foody.vn/ho-chi-minh/hu-tieu-nam-vang-mi-tau-tuyet-nhi-chung-cu-nguyen-thien-thuat
BEN Cháo Lòng & Lòng Nhậu - Cháo - 352 Cách Mạng Tháng 8,8.7,"352 Cách Mạng Tháng 8, P. 9, Quận 3, TP. HCM",Đang mở cửa  15:00 - 23:00,Đang cập nhật,10.7819350000000,106.6743150000000,8.3,9.3,9.3,8.6,8.3,https://down-vn.img.susercontent.com/vn-11134513-7r98o-lxe2x24gi9qzaa@resize_ss576x330,https://www.foody.vn/ho-chi-minh/ben-chao-long-long-nhau-chao-352-cach-mang-thang-8
Cơm Niêu Thím Ba,5.3,"457 Võ Văn Tần, Quận 3, TP. HCM",Đang mở cửa  06:00 - 23:00,50.000đ - 120.000đ,10.7694600000000,106.6838900000000,5.9,6.1,4.8,4.9,4.7,https://down-vn.img.susercontent.com/vn-11134259-7r98o-lwbsuluwi1uj82@resize_ss576x330,https://www.foody.vn/ho-chi-minh/com-nieu-co-ba
Bún Đậu Mắm Tôm A Chảnh - Tôn Đản,6.8,"299 Tôn Đản, P. 15, Quận 4, TP. HCM",Đang mở cửa  10:00 - 22:00,25.000đ - 57.000đ,10.7552000000000,106.7059310000000,6.8,7.0,6.8,6.6,6.9,https://down-vn.img.susercontent.com/vn-11134259-7r98o-lw8blrgrt9zt71@resize_ss800x450,https://www.foody.vn/ho-chi-minh/bun-dau-mam-tom-a-chanh-ton-dan
Gà Ác Tiềm Thuốc Bắc - Tôn Đản,6.5,"128 Tôn Đản, P. 10, Quận 4, TP. HCM",Đang mở cửa  15:00 - 22:00,50.000đ - 80.000đ,10.7595422000000,106.7063990000000,6.5,6.5,6.5,6.5,6.5,https://down-vn.img.susercontent.com/vn-11134259-7r98o-lw8hioh4zys911@resize_ss576x330,https://www.foody.vn/ho-chi-minh/ga-ac-tiem-thuoc-bac-ton-dan
Gia Bảo - Bún Chả Hà Nội - Tôn Thất Thuyết,8.5,"183A4/2D ĐườNg Tôn Thất Thuyết, P. 4, Quận 4, TP. HCM",Đang mở cửa  09:00 - 22:00,Đang cập nhật,10.7534955000000,106.7047967000000,8.4,8.2,9.4,8.4,8.2,https://down-vn.img.susercontent.com/vn-11134513-7r98o-lsveetzvf4qsdd@resize_ss576x330,https://www.foody.vn/ho-chi-minh/gia-bao-bun-cha-ha-noi-ton-that-thuyet
Hương Vị Bắc - Đặc Sản Hải Phòng,3.8,"97 Vĩnh Hội, P.4, Quận 4, TP. HCM",Đang mở cửa  08:00 - 22:30,20.000đ - 45.000đ,10.7565722020893,106.7045020822980,3.8,5.6,2.2,3.4,3.8,https://down-vn.img.susercontent.com/vn-11134259-7r98o-lw8klgkwxgij85@resize_ss576x330,https://www.foody.vn/ho-chi-minh/huong-vi-bac-dac-san-hai-phong
Bánh Cuốn Nóng Thùy Trang,8.0,"90A Tôn Đản, P. 10, Quận 4, TP. HCM",Chưa mở cửa  06:00 - 10:30,10.000đ - 25.000đ,10.7603340000000,106.7071820000000,8.0,8.0,8.0,8.0,8.0,https://down-vn.img.susercontent.com/vn-11134513-7r98o-lsu86ldk4m2sa4@resize_ss576x330,https://www.foody.vn/ho-chi-minh/banh-cuon-nong-ha-noi-ton-dan
Mì Quảng 3 Anh Em - Hoàng Diệu,7.0,"L18 Hoàng Diệu, P. 6, Quận 4, TP. HCM",Đang mở cửa  00:01 - 23:59,30.000đ - 50.000đ,10.7608840000000,106.7001390000000,7.0,7.0,7.0,7.0,7.0,https://down-vn.img.susercontent.com/vn-11134513-7r98o-lsu8w3jwhl09ef@resize_ss576x330,https://www.foody.vn/ho-chi-minh/mi-quang-3-anh-em-hoang-dieu
Bún Bò Vinh Hiền - Bún Bò - J26 Cư Xá Vĩnh Hội,7.9,"J26 Cư Xá Vĩnh Hội, P. 6, Quận 4, TP. HCM",Đang mở cửa  06:00 - 13:30 | 16:00 - 20:00,20.000đ - 33.000đ,10.7614100000000,106.6998585000000,7.2,7.4,8.4,8.1,8.3,https://down-vn.img.susercontent.com/vn-11134513-7r98o-lstro6935l1g84@resize_ss576x330,https://www.foody.vn/ho-chi-minh/bun-bo-vinh-hien-cau-ong-lanh
Mì Quảng Lê Thương - Đặc Sản Quảng Nam - Tôn Đản,7.0,"106 Tôn Đản, P. 10, Quận 4, TP. HCM",Đang mở cửa  00:01 - 01:00 | 06:00 - 23:59,5.000đ - 50.000đ,10.7601180000000,106.7069090000000,5.0,5.0,10.0,5.0,10.0,https://down-vn.img.susercontent.com/vn-11134513-7r98o-lsu7tiwulfpg07@resize_ss576x330,https://www.foody.vn/ho-chi-minh/mi-quang-le-thuong-dac-san-quang-nam-ton-dan
Chiến Mập - Bún Bò Huế,8.5,"384 Đường 20 Thước, P. 9, Quận 4, TP. HCM",Đang mở cửa  00:01 - 02:00 | 11:00 - 23:59,30.000đ - 55.000đ,10.7619940000000,106.7036400000000,9.0,8.0,8.5,9.0,8.0,https://down-vn.img.susercontent.com/vn-11134259-7r98o-lwhltbazyml7e3@resize_ss576x330,https://www.foody.vn/ho-chi-minh/chien-map-bun-bo-hue
Bún Cá Mr Nẫu,5.0,"200 Tôn Đản, P. 8, Quận 4, TP. HCM",Đang mở cửa  10:00 - 22:00,35.000đ - 50.000đ,10.7579710000000,106.7065080000000,5.0,5.0,5.0,5.0,5.0,https://down-vn.img.susercontent.com/vn-11134513-7r98o-lsv2gcdob004a0@resize_ss576x330,https://www.foody.vn/ho-chi-minh/bun-ca-mr-nau
Thanh Phương - Gà Ta Tam Kỳ,4.8,"125 Khánh Hội, P. 3, Quận 4, TP. HCM",Đang mở cửa  09:00 - 22:00,30.000đ - 200.000đ,10.7558050000000,106.7012140000000,3.5,4.5,5.5,5.0,5.3,https://down-vn.img.susercontent.com/vn-11134259-7r98o-lwaw5kg2wb8909@resize_ss576x330,https://www.foody.vn/ho-chi-minh/thanh-phuong-ga-ta-tam-ky
Quán O Bí - Bún Bò Huế,7.2,"81 Đường Số 41, P. 6, Quận 4, TP. HCM",Đang mở cửa  06:00 - 23:00,20.000đ - 40.000đ,10.7592900000000,106.7014470000000,7.0,7.7,7.7,7.0,6.7,https://down-vn.img.susercontent.com/vn-11134259-7r98o-lw8xt7u7806374@resize_ss576x330,https://www.foody.vn/ho-chi-minh/quan-o-bi-bun-bo-hue
Bún Bò Ánh Thương,1.5,"122/1Bis Tôn Đản, P. 10, Quận 4, TP. HCM",Chưa mở cửa  07:20 - 18:30,45.000đ - 60.000đ,10.7595440000000,106.7067990000000,1.8,1.8,1.0,1.8,1.0,https://down-vn.img.susercontent.com/vn-11134259-7r98o-lw98vftiafh56c@resize_ss576x330,https://www.foody.vn/ho-chi-minh/bun-bo-anh-thuong
"Nâu Sài Gòn - Bánh Hỏi, Bún Thịt Nướng & Bánh Ướt - Tôn Thất Thuyết",9.2,"331B Tôn Thất Thuyết, P. 1, Quận 4, TP. HCM",Đang mở cửa  09:00 - 22:00,10.000đ - 58.000đ,10.7532696000000,106.6906405000000,9.2,9.0,9.5,9.2,9.2,https://down-vn.img.susercontent.com/vn-11134513-7r98o-lsu72nmi3q1lb9@resize_ss576x330,https://www.foody.vn/ho-chi-minh/nau-sai-gon-banh-hoi-bun-thit-nuong-banh-uot-ton-that-thuyet
O Tâm - Bún Bò Huế - Đường Số 45,7.6,"97 Đường Số 45, P. 6, Quận 4, TP. HCM",Chưa mở cửa  07:00 - 14:00,40.000đ - 50.000đ,10.7593590000000,106.6993110000000,7.5,7.5,10.0,5.5,7.5,https://down-vn.img.susercontent.com/vn-11134259-7r98o-lwbxfmz2ebx713@resize_ss576x330,https://www.foody.vn/ho-chi-minh/o-tam-bun-bo-hue-duong-so-45
Con Gà Trống - Lẩu Gà Lá É Phú Yên,9.0,"18 Vĩnh Khánh, P. 10, Quận 4, TP. HCM",Đang mở cửa  10:00 - 23:00,70.000đ - 300.000đ,10.7606120000000,106.7069250000000,9.0,8.5,10.0,9.0,8.5,https://down-vn.img.susercontent.com/vn-11134513-7r98o-lsuabido0zo9dc@resize_ss576x330,https://www.foody.vn/ho-chi-minh/con-ga-trong-lau-ga-la-e-phu-yen
Bánh Canh Chả Cá - Đặc Sản Phan Rang,8.0,"326 Tôn Đản, P. 4, Quận 4, TP. HCM",Đang mở cửa  07:00 - 23:00,28.000đ - 68.000đ,10.7554340000000,106.7058260000000,7.9,7.7,8.1,8.3,8.0,https://down-vn.img.susercontent.com/vn-11134513-7r98o-lsu7221lomh0a9@resize_ss576x330,https://www.foody.vn/ho-chi-minh/banh-canh-cha-ca-dac-san-phan-rang
Quán Lối Nhỏ - Đặc Sản Quảng Nam,6.6,"155 Xóm Chiếu , P. 16, Quận 4, TP. HCM",Đang mở cửa  07:00 - 22:00,15.000đ - 35.000đ,10.7567752000000,106.7099652000000,6.5,6.5,7.0,6.4,6.7,https://down-vn.img.susercontent.com/vn-11134513-7r98o-lstvn1dot6842f@resize_ss576x330,https://www.foody.vn/ho-chi-minh/quan-loi-nho-dac-san-quang-nam
Ơ Thương - Món Việt - Đường 41,6.7,"29 Đường 41, P. 6, Quận 4, TP. HCM",Đang mở cửa  06:00 - 22:00,39.000đ - 250.000đ,10.7582704000000,106.7000408000000,7.3,7.0,6.5,6.4,6.4,https://down-vn.img.susercontent.com/vn-11134259-7r98o-lw9z19lx9tjt76@resize_ss576x330,https://www.foody.vn/ho-chi-minh/o-thuong-mon-viet-duong-41
Bin Bin - Bún Chả Cá Nha Trang,9.3,"G58 Bis, Cư Xá Vĩnh Hội, Đường Số 50, P. 6, Quận 4, TP. HCM",Chưa mở cửa  07:00 - 15:00,30.000đ - 35.000đ,10.7619348000000,106.6984070000000,8.3,8.5,10.0,9.6,9.9,https://down-vn.img.susercontent.com/vn-11134513-7r98o-lsu3p8hupz9g3f@resize_ss576x330,https://www.foody.vn/ho-chi-minh/bin-bin-bun-cha-ca-nha-trang
ABMA Nem Nướng Làng Chài Nha Trang - 15/2 Đoàn Như Hài,6.7,"15/2 Đoàn Như Hài (Cuối Hẻm 20 Hoàng Diệu), P. 12, Quận 4, TP. HCM",Đang mở cửa  09:00 - 22:00,50.000đ - 100.000đ,10.7664760000000,106.7060489000000,6.4,6.7,7.4,6.4,6.7,https://down-vn.img.susercontent.com/vn-11134513-7r98o-lsu0lukkrdfo3b@resize_ss576x330,https://www.foody.vn/ho-chi-minh/abma-nem-nuong-lang-chai-nha-trang
Bún Bò Huế O Tâm,8.9,"39/23 Tôn Thất Thuyết, P. 16, Quận 4, TP. HCM",Đang mở cửa  05:30 - 10:30 | 15:00 - 20:30,10.000đ - 45.000đ,10.7535282000000,106.7133138000000,8.2,8.0,10.0,9.4,8.8,https://down-vn.img.susercontent.com/vn-11134513-7r98o-lstyud0zdlfo0f@resize_ss576x330,https://www.foody.vn/ho-chi-minh/bun-bo-hue-o-tam
Cơm Tấm Mai - Đoàn Văn Bơ,6.6,"129 Đoàn Văn Bơ, P. 12, Quận 4, TP. HCM",Đang mở cửa  10:00 - 23:59,18.000đ - 28.000đ,10.7627018000000,106.7049050000000,6.1,6.6,6.9,6.6,6.7,https://down-vn.img.susercontent.com/vn-11134259-7r98o-lw8bmrtkneu1d4@resize_ss800x450,https://www.foody.vn/ho-chi-minh/com-tam-mai-doan-van-bo
Bà Hai - Bánh Xèo & Bánh Khọt,7.2,"119 Lê Văn Linh, Quận 4, TP. HCM",Chưa mở cửa  11:00 - 19:00,35.000đ - 50.000đ,10.7625308000000,106.7062916000000,6.5,6.7,7.8,7.6,7.6,https://down-vn.img.susercontent.com/vn-11134513-7r98o-lstsahhbq66cde@resize_ss576x330,https://www.foody.vn/ho-chi-minh/banh-xeo-ba-hai-le-van-linh
Quán Nga - Bún Mắm & Hủ Tiếu,5.4,"B122 Nguyễn Thần Hiến, P. 18, Quận 4, TP. HCM",Đang mở cửa  11:00 - 21:00,30.000đ - 50.000đ,10.7543450000000,106.7162160000000,5.0,6.0,6.3,4.8,4.8,https://down-vn.img.susercontent.com/vn-11134259-7r98o-lwg9gh6u4jiz1f@resize_ss576x330,https://www.foody.vn/ho-chi-minh/bun-mam-nga
Dì 9 - Hủ Tiếu Mỹ Tho,5.9,"538/51 Đoàn Văn Bơ, P. 14, Quận 4, TP. HCM",Đang mở cửa  17:30 - 23:00,20.000đ - 40.000đ,10.7579700000000,106.7090260000000,5.6,5.6,6.4,5.9,6.3,https://down-vn.img.susercontent.com/vn-11134259-7r98o-lw8bmrtamevtdd@resize_ss800x450,https://www.foody.vn/ho-chi-minh/di-9-hu-tieu-my-tho
Bột Chiên Bảo Lâm,7.7,"448 - 450 Chung Cư B001, Nguyễn Tất Thành, P.18, Quận 4, TP. HCM",Đang mở cửa  14:30 - 21:30,10.000đ - 40.000đ,10.7585427000000,106.7143783000000,7.6,7.3,7.9,7.7,7.9,https://down-vn.img.susercontent.com/vn-11134513-7r98o-lstsqksnywm191@resize_ss576x330,https://www.foody.vn/ho-chi-minh/bot-chien-bao-lam
Bánh Tằm Cay Cà Mau 69 - Shop Online,7.0,"7.09 Lô M1 Chung Cư Tôn Thất Thuyết, Tôn Thất Thuyết, P. 1, Quận 4, TP. HCM",Đang mở cửa  00:01 - 02:00 | 09:00 - 23:59,40.000đ - 60.000đ,10.7542860000000,106.6919300000000,5.0,5.0,10.0,10.0,5.0,https://down-vn.img.susercontent.com/vn-11134259-7r98o-lw8tvqz81nmj9d@resize_ss576x330,https://www.foody.vn/ho-chi-minh/banh-tam-cay-ca-mau-69-shop-online
Quán Bé Ốc - Hải Sản Tươi Sống,6.0,"58/53 Vĩnh Khánh, P. 9, Quận 4, TP. HCM",Đang mở cửa  15:00 - 22:30,60.000đ - 100.000đ,10.7624620000000,106.7020250000000,5.9,6.4,6.4,5.6,5.5,https://down-vn.img.susercontent.com/vn-11134259-7r98o-lwg3xo9hf6c999@resize_ss576x330,https://www.foody.vn/ho-chi-minh/quan-be-oc-hai-san-tuoi-song
Bún Mắm Dì Năm,7.3,"96 Tôn Đản, Quận 4, TP. HCM",Đang mở cửa  11:30 - 23:30,20.000đ - 45.000đ,10.7601876000000,106.7071186000000,6.3,8.0,7.7,7.7,7.0,https://down-vn.img.susercontent.com/vn-11134513-7r98o-lstw7t14polg0e@resize_ss576x330,https://www.foody.vn/ho-chi-minh/bun-mam-di-nam
Cơm Tấm Nhớ - Hoàng Diệu,6.7,"106 Hoàng Diệu, P. 12, Quận 4, TP. HCM",Đang mở cửa  07:00 - 22:00,20.000đ - 33.000đ,10.7640037000000,106.7044000000000,6.2,6.9,6.9,6.6,6.7,https://down-vn.img.susercontent.com/vn-11134513-7r98o-lstra31zdkm15e@resize_ss576x330,https://www.foody.vn/ho-chi-minh/com-tam-nho-hoang-dieu
Cháo Lòng & Cháo Huyết,7.8,"200/21 Xóm Chiếu, Quận 4, TP. HCM",Đang mở cửa  17:00 - 22:30,15.000đ - 20.000đ,10.7557450000000,106.7085460000000,6.5,8.0,8.5,7.3,8.7,https://down-vn.img.susercontent.com/vn-11134259-7r98o-lwb2ixg7qeaje0@resize_ss576x330,https://www.foody.vn/ho-chi-minh/chao-long-chao-huyet
Bún Mắm Lộc - Đường Số 9,7.2,"62A Đường Số 9, P. 4, Quận 4, TP. HCM",Đang mở cửa  08:30 - 21:30,25.000đ - 35.000đ,10.7573654682240,106.7032533106213,6.9,7.3,7.6,7.3,7.1,https://down-vn.img.susercontent.com/vn-11134259-7r98o-lwamxfxjt49na9@resize_ss576x330,https://www.foody.vn/ho-chi-minh/bun-mam-loc-duong-so-9
Nhân Nghĩa - Hủ Tiếu Nam Vang,6.6,"91 Đoàn Văn Bơ, P. 12, Quận 4, TP. HCM",Đang mở cửa  07:00 - 22:00,25.000đ - 44.000đ,10.7637810000000,106.7034940000000,6.0,6.9,7.1,6.6,6.4,https://down-vn.img.susercontent.com/vn-11134259-7r98o-lw8t3rpedp0b32@resize_ss576x330,https://www.foody.vn/ho-chi-minh/nhan-nghia-hu-tieu-nam-vang
Phở 24 - Nguyễn Tri Phương,6.5,"319 Nguyễn Tri Phương, P. 5, Quận 10, TP. HCM",Đang mở cửa  06:00 - 22:00,25.000đ - 55.000đ,10.7620530000000,106.6683250000000,6.8,7.4,6.4,6.0,6.0,https://down-vn.img.susercontent.com/vn-11134513-7ra0g-m682mwaynhh2e8@resize_ss576x330,https://www.foody.vn/ho-chi-minh/pho-24-nguyen-tri-phuong
Chả Cá Lã Vọng - Hoa Phượng,5.1,"106 Hoa Phượng, Quận Phú Nhuận, TP. HCM",Đang mở cửa  11:00 - 14:00 | 17:00 - 23:00,50.000đ - 110.000đ,10.7966940000000,106.6869440000000,6.0,6.1,4.8,4.2,4.6,https://down-vn.img.susercontent.com/vn-11134259-7r98o-lw8bm1xkhviz51@resize_ss800x450,https://www.foody.vn/ho-chi-minh/cha-ca-la-vong-hoa-phuong
Bún Chả Hà Nội - Ẩm Thực Việt,10.0,"1144 Kha Vạn Cân, P. Linh ChiểU, Tp. Thủ Đức, TP. HCM",Đang mở cửa  06:00 - 14:00 | 17:00 - 21:00,Đang cập nhật,10.8593802000000,106.7596435000000,10.0,10.0,10.0,10.0,10.0,https://down-vn.img.susercontent.com/vn-11134513-7r98o-lsvhl5nenqo424@resize_ss576x330,https://www.foody.vn/ho-chi-minh/bun-cha-ha-noi-am-thuc-viet
"Cô Năm - Gỏi Cuốn, Cháo Lòng - Nguyễn Thị Tú",9.0,"67/58/34 Nguyễn Thị Tú, P. Bình Hưng Hòa B, Quận Bình Tân, TP. HCM",Đang mở cửa  09:00 - 22:00,Đang cập nhật,10.8120931000000,106.5984085000000,9.0,9.0,9.0,9.0,9.0,https://down-vn.img.susercontent.com/vn-11134513-7r98o-lsvef6m2yg90bc@resize_ss576x330,https://www.foody.vn/ho-chi-minh/co-nam-goi-cuon-chao-long-nguyen-thi-tu
Làng Vòng - Bún Đậu Mắm Tôm & Bún Chả - Tân Hương,8.4,"260 Tân Hương, P. Tân Quý, Quận Tân Phú, TP. HCM",Đang mở cửa  11:00 - 21:30,29.000đ - 69.000đ,10.7902150000000,106.6208880000000,8.3,8.5,8.0,8.3,8.7,https://down-vn.img.susercontent.com/vn-11134513-7ra0g-m84faytaizrba9@resize_ss576x330,https://www.foody.vn/ho-chi-minh/lang-vong-bun-dau-mam-tom-bun-cha-tan-huong
Bánh Cuốn Xuân Thái - Bánh Cuốn & Bánh Ướt - Tô Ký,10.0,"1/3B Tô Ký, P. Trung Mỹ Tây, Quận 12, TP. HCM",Đang mở cửa  09:00 - 22:00,Đang cập nhật,10.8633474000000,106.6165357000000,10.0,10.0,10.0,10.0,10.0,https://down-vn.img.susercontent.com/vn-11134513-7r98o-lsvf884ezb1531@resize_ss576x330,https://www.foody.vn/ho-chi-minh/banh-cuon-xuan-thai-banh-cuon-banh-uot-to-ky.1ktzmr
Mr Nhoi - Heo Quay Tây Bắc - Ngô Thị Thu Minh,9.3,"110B Ngô Thị Thu Minh, P. 2, Quận Tân Bình, TP. HCM",Đang mở cửa  15:00 - 20:00,12.000đ - 250.000đ,10.7976220000000,106.6624360000000,9.1,9.0,9.6,9.5,9.4,https://down-vn.img.susercontent.com/vn-11134259-7r98o-lw8qkttp197f7e@resize_ss576x330,https://www.foody.vn/ho-chi-minh/heo-quay-tay-bac-mr-nhoi-ngo-thi-thu-minh
Phở Chang - Quán Ăn Châu Á - Vinhome Grand Park,2.4,"S 702.01 S11 Vinhome Grand Park, P. Long Thạnh Mỹ, Tp. Thủ Đức, TP. HCM",Đang mở cửa  07:00 - 22:00,Đang cập nhật,10.8440148000000,106.8391068000000,3.0,3.0,1.0,2.0,3.0,https://down-vn.img.susercontent.com/vn-11134513-7r98o-lsvh6zepc43o5e@resize_ss576x330,https://www.foody.vn/ho-chi-minh/pho-chang-quan-an-chau-a-vinhome.rt5bbg
Cô Bình - Bún Riêu Cua - 372 Vành Đai Trong,9.8,"372 Vành Đai Trong, P. Bình Trị Đông B, Quận Bình Tân, TP. HCM",Chưa mở cửa  06:00 - 11:00,25.000đ - 30.000đ,10.7548480000000,106.6154398000000,10.0,9.0,10.0,10.0,10.0,https://down-vn.img.susercontent.com/vn-11134259-7r98o-lw8qnyz5g92166@resize_ss576x330,https://www.foody.vn/ho-chi-minh/co-binh-bun-rieu-cua
Thành Đạt Quán - Ẩm Thực Bắc,6.8,"110 Lê Trung Nghĩa, P. 12, Quận Tân Bình, TP. HCM",Đang mở cửa  06:00 - 22:00,50.000đ - 200.000đ,10.8009980400000,106.6474778600000,6.5,6.8,6.5,6.8,7.5,https://down-vn.img.susercontent.com/vn-11134259-7r98o-lwapd8ug6ztl4e@resize_ss576x330,https://www.foody.vn/ho-chi-minh/thanh-dat-quan-am-thuc-bac
Bún Chả Hà Nội - Trần Huy Liệu,6.2,"19 Trần Huy Liệu, Quận Phú Nhuận, TP. HCM",Đang mở cửa  06:00 - 20:00,30.000đ - 45.000đ,10.7911150000000,106.6779370000000,6.2,6.5,5.8,6.1,6.2,https://down-vn.img.susercontent.com/vn-11134259-7r98o-lw8bmqqg79ax8c@resize_ss800x450,https://www.foody.vn/ho-chi-minh/bun-cha-ha-noi-tran-huy-lieu
Phở Gia Truyền Nam Định,6.7,"84 Dương Quang Đông, P. 5, Quận 8, TP. HCM",Đang mở cửa  00:05 - 01:30 | 05:30 - 23:59,35.000đ - 50.000đ,10.7368350000000,106.6672290000000,6.7,8.0,6.0,6.7,6.3,https://down-vn.img.susercontent.com/vn-11134259-7r98o-lw922x69w89l40@resize_ss576x330,https://www.foody.vn/ho-chi-minh/pho-gia-truyen-nam-dinh
NHÀ HÀNG HƯƠNG LÚA 8 - Lẩu & Nướng - Nguyễn Hữu Thọ,10.0,"2 Nguyễn Hữu Thọ, P. Tân Hưng, Quận 7, TP. HCM",Đang mở cửa  10:00 - 22:00,50.000đ - 500.000đ,10.7445611000000,106.7013950000000,10.0,10.0,10.0,10.0,10.0,https://down-vn.img.susercontent.com/vn-11134513-7r98o-lsu9ik9f1hacc0@resize_ss576x330,https://www.foody.vn/ho-chi-minh/nha-hang-huong-lua-8
Phở Phú Vương - Lê Văn Sỹ,6.0,"339 Lê Văn Sỹ, P. 1, Quận Tân Bình, TP. HCM",Đang mở cửa  07:00 - 13:00 | 17:00 - 21:30,40.000đ - 77.000đ,10.7959320000000,106.6658740000000,6.3,6.7,6.2,5.4,5.3,https://down-vn.img.susercontent.com/vn-11134513-7r98o-lstpoab6am55ac@resize_ss576x330,https://www.foody.vn/ho-chi-minh/pho-phu-vuong
Mẹt Quán - Bún Đậu Mắm Tôm,6.7,"689B Nguyễn Văn Quá, P. Đông Hưng Thuận, Quận 12, TP. HCM",Đang mở cửa  11:00 - 22:00,20.000đ - 100.000đ,10.8460045000000,106.6333524000000,6.7,6.4,7.3,6.3,6.6,https://down-vn.img.susercontent.com/vn-11134513-7r98o-lstuwre956e15c@resize_ss576x330,https://www.foody.vn/ho-chi-minh/met-quan-bun-dau-mam-tom
Tiến Hải Quán - Bún Đậu Mắm Tôm Hà Nội,7.0,"409 Nguyễn Tri Phương, P. 5, Quận 10, TP. HCM",Đang mở cửa  10:00 - 21:00,20.000đ - 55.000đ,10.7637114000000,106.6679475000000,6.1,7.2,7.4,6.7,7.4,https://down-vn.img.susercontent.com/vn-11134259-7r98o-lw8bm9vwuuop10@resize_ss800x450,https://www.foody.vn/ho-chi-minh/tien-hai-quan-bun-dau-mam-tom-ha-noi
Ngọc Hà - Bún Đậu Mắm Tôm - Lê Quang Định,7.5,"255 Lê Quang Định, P. 7, Quận Bình Thạnh, TP. HCM",Đang mở cửa  09:30 - 22:00,20.000đ - 55.000đ,10.8097673000000,106.6925893000000,7.0,7.8,7.8,7.3,7.8,https://down-vn.img.susercontent.com/vn-11134513-7r98o-lstxtwm1xr4p40@resize_ss576x330,https://www.foody.vn/ho-chi-minh/ngoc-ha-bun-dau-mam-tom-le-quang-dinh
Hủ Tiếu 3 Miền - Đường Số 45,9.9,"Số 38 Đường Số 45, P. 14, Quận Gò Vấp, TP. HCM",Đang mở cửa  07:00 - 22:00,Đang cập nhật,10.8429773000000,106.6381597000000,9.3,10.0,10.0,10.0,10.0,https://down-vn.img.susercontent.com/vn-11134513-7r98o-lsvfljudeabo88@resize_ss576x330,https://www.foody.vn/ho-chi-minh/hu-tieu-3-mien-duong-so-45
Hanoi Ngon - Nem Chua Rán Ăn Vặt Chuẩn Hà Nội - Tô Hiến Thành,7.1,"163/24/77 Tô Hiến Thành, P. 13, Quận 10, TP. HCM",Đang mở cửa  11:00 - 22:00,30.000đ - 59.000đ,10.7786125000000,106.6683779000000,7.1,7.3,7.4,7.0,6.9,https://down-vn.img.susercontent.com/vn-11134259-7r98o-lw8bmqmucj4red@resize_ss800x450,https://www.foody.vn/ho-chi-minh/hanoi-ngon-nem-chua-ran-an-vat-chuan-ha-noi-to-hien-thanh
A Lử Bún Đậu - Bún Chả Hà Nội,8.6,"3 Đường Số 35, P. Linh Đông, Tp. Thủ Đức, TP. HCM",Đang mở cửa  00:01 - 02:00 | 06:00 - 23:59,30.000đ - 50.000đ,10.8557650000000,106.7472610000000,8.0,9.0,9.0,8.5,8.5,https://down-vn.img.susercontent.com/vn-11134513-7r98o-lsu98j21mc9l78@resize_ss576x330,https://www.foody.vn/ho-chi-minh/a-lu-bun-dau-bun-cha-ha-noi
Quán Cơm Thanh Ngân - Cơm Nhà - Phổ Quang,6.2,"95/1 Phổ Quang, P. 2, Quận Tân Bình, TP. HCM",Chưa mở cửa  10:00 - 19:00,20.000đ - 30.000đ,10.8071760000000,106.6681610000000,5.3,6.0,6.3,7.3,6.0,https://down-vn.img.susercontent.com/vn-11134513-7r98o-lsu7yqopulcpde@resize_ss576x330,https://www.foody.vn/ho-chi-minh/quan-com-thanh-ngan-com-nha-pho-quang
Quán Chay Thanh Ái,6.8,"264 Bà Hạt, P. 9, Quận 10, TP. HCM",Đang mở cửa  07:00 - 20:45,30.000đ - 55.000đ,10.7663470000000,106.6697390000000,6.7,6.7,7.2,6.7,7.0,https://down-vn.img.susercontent.com/vn-11134513-7r98o-lstpx622dtj8ce@resize_ss576x330,https://www.foody.vn/ho-chi-minh/quan-chay-thanh-ai
Gỏi Cuốn & Bò Bía - Bùi Viện,8.4,"148/18 Bùi Viện, P. Phạm Ngũ Lão, Quận 1, TP. HCM",Chưa mở cửa  13:00 - 19:00,6.000đ - 150.000đ,10.7670250000000,106.6923620000000,8.5,7.5,9.5,9.0,7.5,https://down-vn.img.susercontent.com/vn-11134513-7r98o-lzvm9bjl56j105@resize_ss576x330,https://www.foody.vn/ho-chi-minh/goi-cuon-bo-bia-bui-vien
Bún Đậu Hà Nội Phố - Hoa Lan,7.1,"79 Hoa Lan, P. 2, Quận Phú Nhuận, TP. HCM",Đang mở cửa  08:30 - 22:00,35.000đ - 66.000đ,10.7972174000000,106.6896313000000,6.3,7.3,7.7,7.0,7.4,https://down-vn.img.susercontent.com/vn-11134259-7r98o-lwi63xj9u09n54@resize_ss576x330,https://www.foody.vn/ho-chi-minh/bun-dau-ha-noi-pho-hoa-lan
Nghiêm Vịt - Đặc Sản Vịt Nướng Hà Nội,8.7,"B10 Đường Số 15, P. Tân Kiểng, Quận 7, TP. HCM",Đang mở cửa  15:30 - 23:59,35.000đ - 250.000đ,10.7450820000000,106.7048620000000,8.3,8.3,9.0,9.0,8.7,https://down-vn.img.susercontent.com/vn-11134513-7r98o-lsu2mywenzbt32@resize_ss576x330,https://www.foody.vn/ho-chi-minh/nghiem-vit-dac-san-vit-nuong-ha-noi
Bún Cá Nha Trang - Nem Nướng Nha Trang Yến - An Dương Vương,6.3,"410-412 An Dương Vương P. 4 (Cũ 197C Lê Hồng Phong, P. 4), Quận 5, TP. HCM",Đang mở cửa  06:00 - 21:00,20.000đ - 28.000đ,10.7590747000000,106.6773070000000,6.4,6.7,6.4,5.8,6.2,https://down-vn.img.susercontent.com/vn-11134513-7r98o-lstut0r867q148@resize_ss576x330,https://www.foody.vn/ho-chi-minh/bun-ca-nha-trang-nem-nuong-nha-trang-yen-an-duong-vuong
Cơm Gà Nha Trang,6.4,"109 Nguyễn Biểu, P. 1, Quận 5, TP. HCM",Đang mở cửa  09:00 - 22:00,25.000đ - 37.000đ,10.7546420000000,106.6839460000000,6.1,6.8,6.2,6.4,6.5,https://down-vn.img.susercontent.com/vn-11134513-7r98o-lsu2rewkioihe0@resize_ss576x330,https://www.foody.vn/ho-chi-minh/com-ga-nha-trang-nguyen-bieu
Bún Bò Gốc Huế - Nguyễn Biểu,8.7,"109 Nguyễn Biểu, P. 1, Quận 5, TP. HCM",Đang mở cửa  07:00 - 22:00,40.000đ - 50.000đ,10.7549660000000,106.6840100000000,8.3,8.9,9.1,9.2,8.2,https://down-vn.img.susercontent.com/vn-11134259-7r98o-lw9atsw5ek0r68@resize_ss576x330,https://www.foody.vn/ho-chi-minh/bun-bo-goc-hue-nguyen-bieu
Chap Chap - Lẩu Và Nướng - Nguyễn Duy Dương,9.8,"49 Nguyễn Duy Dương, Quận 5, TP. HCM",Đang mở cửa  11:00 - 21:00,Đang cập nhật,10.7562752000000,106.6717209000000,9.0,10.0,10.0,10.0,10.0,https://down-vn.img.susercontent.com/vn-11134513-7r98o-lsvghxmsz3ix78@resize_ss576x330,https://www.foody.vn/ho-chi-minh/lau-chap-chap-49-nguyen-duy-duong
Phú Vang - Bún Bò Huế - Trần Hưng Đạo,6.9,"932 Trần Hưng Đạo, P. 7, Quận 5, TP. HCM",Đang mở cửa  06:00 - 21:00,45.000đ - 60.000đ,10.7533580000000,106.6732720000000,7.0,8.0,6.4,6.4,6.8,https://down-vn.img.susercontent.com/vn-11134513-7r98o-lsu1ba5ex6f88b@resize_ss576x330,https://www.foody.vn/ho-chi-minh/phu-vang-bun-bo-hue-tran-hung-dao
Cố Đô - Nhà Hàng Các Món Ăn Huế,7.2,"367 An Dương Vương, P.3, Quận 5, TP. HCM",Đang mở cửa  09:00 - 14:00 | 16:00 - 21:45,45.000đ - 385.000đ,10.7586140000000,106.6771730000000,7.5,7.2,7.7,6.9,6.8,https://down-vn.img.susercontent.com/vn-11134259-7r98o-lw9e3cruwseza1@resize_ss576x330,https://www.foody.vn/ho-chi-minh/co-do-nha-hang-cac-mon-an-hue
Bún Bò Huế Sông Hương,10.0,"207/15 Trần Bình Trọng, P. 3, Quận 5, TP. HCM",Chưa mở cửa  06:30 - 14:00,40.000đ - 60.000đ,10.7591050000000,106.6798710000000,10.0,10.0,10.0,10.0,10.0,https://down-vn.img.susercontent.com/vn-11134259-7r98o-lwd3uh2w5o7v51@resize_ss576x330,https://www.foody.vn/ho-chi-minh/quan-song-huong-bun-bo-hue
"Hân Thị - Bèo, Nậm & Lọc",7.4,"59 An Bình, P. 6, Quận 5, TP. HCM",Đang mở cửa  10:00 - 21:00,18.000đ - 45.000đ,10.7505414674608,106.6729864526397,7.5,7.4,7.1,7.7,7.5,https://down-vn.img.susercontent.com/vn-11134259-7r98o-lwbpyd880rfd54@resize_ss576x330,https://www.foody.vn/ho-chi-minh/han-thi-am-thuc-hue
Lục Bồ Đề - Lẩu Chay 1 Người - Trần Hưng Đạo,6.8,"546 Trần Hưng Đạo, P. 2, Quận 5, TP. HCM",Đang mở cửa  06:00 - 22:00,Đang cập nhật,10.7553952000000,106.6809572000000,6.5,7.5,7.0,6.5,6.5,https://down-vn.img.susercontent.com/vn-11134513-7r98o-lsvfxm89anx54b@resize_ss576x330,https://www.foody.vn/ho-chi-minh/luc-bo-de-lau-chay-1-nguoi-tran-hung-dao.repucd
Lẩu Cá Thác Lác Tươi Đặc Biệt - Phan Phú Tiên,7.0,"28 Phan Phú Tiên, P. 10, Quận 5, TP. HCM",Đang mở cửa  09:00 - 22:00,Đang cập nhật,10.7519372000000,106.6656543000000,6.8,6.9,7.2,6.9,6.9,https://down-vn.img.susercontent.com/vn-11134259-7r98o-lw8kujo88b17c7@resize_ss576x330,https://www.foody.vn/ho-chi-minh/lau-ca-thac-lac-tuoi-dac-biet-phan-phu-tien.jj93kq
Ẩm Thực Bà Ba Khéo,5.4,"57 Châu Văn Liêm, P. 14, Quận 5, TP. HCM",Chưa mở cửa  08:30 - 19:30,12.000đ - 55.000đ,10.7522530000000,106.6586300000000,5.9,5.8,5.6,5.1,4.7,https://down-vn.img.susercontent.com/vn-11134513-7r98o-lstxt73x9bq1ee@resize_ss576x330,https://www.foody.vn/ho-chi-minh/am-thuc-ba-ba-kheo
Cơm Gà Xối Mỡ 475 - Trần Phú,9.6,"475 Trần Phú, P. 7, Quận 5, TP. HCM",Đang mở cửa  08:30 - 21:00,25.000đ - 67.000đ,10.7528763000000,106.6687332000000,9.5,9.0,10.0,9.5,10.0,https://down-vn.img.susercontent.com/vn-11134513-7r98o-lsve4z6ine1082@resize_ss576x330,https://www.foody.vn/ho-chi-minh/com-ga-xoi-mo-475-tran-phu
Bún Nước Lèo Sóc Trăng Chính Hiệu,7.0,"96 PhạM HữU Chí, Quận 5, TP. HCM",Đang mở cửa  09:00 - 22:00,35.000đ - 45.000đ,10.7554663000000,106.6563557000000,6.7,6.3,7.7,7.3,6.8,https://down-vn.img.susercontent.com/vn-11134513-7r98o-lstrz1vc2i6xb7@resize_ss576x330,https://www.foody.vn/ho-chi-minh/bun-nuoc-leo-soc-trang-chinh-hieu
Hải Sản Bê Vàng,7.6,"261 - 263 An Dương Vương, P. 3, Quận 5, TP. HCM",Đang mở cửa  08:00 - 23:00,300.000đ - 550.000đ,10.7592810000000,106.6786820000000,7.9,7.5,8.3,7.5,6.7,https://down-vn.img.susercontent.com/vn-11134259-7r98o-lwfs3qx5ve1ndc@resize_ss576x330,https://www.foody.vn/ho-chi-minh/hai-san-be-vang
Quán Lẩu 69 - Lẩu Cá - Trần Xuân Hòa,10.0,"Số 10 Trần Xuân Hòa, P. 7, Quận 5, TP. HCM",Đang mở cửa  11:30 - 22:00,Đang cập nhật,10.7530040000000,106.6674542000000,10.0,10.0,10.0,10.0,10.0,https://down-vn.img.susercontent.com/vn-11134513-7r98o-lsve4k5730k93e@resize_ss576x330,https://www.foody.vn/ho-chi-minh/quan-lau-69-lau-ca-tran-xuan-hoa.e2nrrz
Cô Hai Quán - Nui Xào Bò & Mì Xào Bò,9.8,"46 An Điềm, P. 10, Quận 5, TP. HCM",Chưa mở cửa  06:30 - 12:00,Đang cập nhật,10.7517495000000,106.6658164000000,10.0,10.0,10.0,9.0,10.0,https://down-vn.img.susercontent.com/vn-11134513-7r98o-lsvf2opat2mx0e@resize_ss576x330,https://www.foody.vn/ho-chi-minh/co-hai-quan-nui-xao-bo-mi-xao-bo
